workbook_sheet,item_type,title,league,relationship,mechanic,format,existing_support,disposition,destination,imported_count,creator_reachable,public_reachable,provenance_status,notes
GAME_IDEAS_2026_EXPANSION,game_idea,Silhouette Reveal,CFB,"position, academic_year, hometown, jersey_number",Who Am I,Card Stack Progressive Clue,"DATA READY - sample teams only (the ~10 COMPLETE_RICH programs: Alabama, Georgia, Oklahoma, Ohio State, Oregon, Michigan, Tennessee, Texas, Texas A&M, UCLA)",IMPLEMENTED_NEW,tools/quiz_export/adapters/cfb_2026_current_roster.py,733,YES,NO,HUMAN_APPROVED,"Built this pass: guess-the-player-from-clues using real 2026 roster data (position/class/hometown), CARD_STACK-adjacent MCQ via the guess mechanic."
GAME_IDEAS_2026_EXPANSION,game_idea,Blind Resume,NFL,"season_stat_line, position_primary, draft_year_round_pick",Who Am I,Card Stack Progressive Clue,DATA NOT YET SOURCED - needs a new field from DATA_FIELD_TAXONOMY ingested first,BLOCKED_MISSING_DATA,n/a,,NO,NO,PENDING_CLAUDE,Workbook itself marks this DATA NOT YET SOURCED -- no field exists to build against.
GAME_IDEAS_2026_EXPANSION,game_idea,Two Truths and a Transfer,CFB,"previous_college_history_ordered, hometown_city_state, bio_blurb",Multiple choice,Quiz-Show Podium,DATA PARTIAL - covered for some but not most P4 teams; expand before wide release,BLOCKED_MISSING_DATA,n/a,,NO,NO,PENDING_CLAUDE,Workbook marks this DATA PARTIAL (covered for some but not most P4 teams) -- insufficient breadth to clear the player-facing quality gate honestly.
GAME_IDEAS_2026_EXPANSION,game_idea,Freshman Focus,CFB,"academic_year_or_experience, recruiting_star_rating, hometown_city_state",Progressive clue,Card Stack Progressive Clue,DATA NOT YET SOURCED - needs a new field from DATA_FIELD_TAXONOMY ingested first,BLOCKED_MISSING_DATA,n/a,,NO,NO,PENDING_CLAUDE,Workbook itself marks this DATA NOT YET SOURCED -- no field exists to build against.
GAME_IDEAS_2026_EXPANSION,game_idea,Grad Transfer Gauntlet,CFB,"previous_college_history_ordered, academic_year_or_experience, jersey_number",Progressive clue,Card Stack Progressive Clue,"DATA READY - sample teams only (the ~10 COMPLETE_RICH programs: Alabama, Georgia, Oklahoma, Ohio State, Oregon, Michigan, Tennessee, Texas, Texas A&M, UCLA)",DATA_ADDED,n/a,,NO,NO,PENDING_CLAUDE,"Workbook marks this DATA READY nationally; a real, buildable follow-up once a Creator-facing adapter is written (not attempted this pass beyond Silhouette Reveal)."
GAME_IDEAS_2026_EXPANSION,game_idea,Walk-On to Starter,CFB,"walk_on_or_scholarship, depth_chart_role",Trivia,Quiz-Show Podium,DATA NOT YET SOURCED - needs a new field from DATA_FIELD_TAXONOMY ingested first,BLOCKED_MISSING_DATA,n/a,,NO,NO,PENDING_CLAUDE,Workbook itself marks this DATA NOT YET SOURCED -- no field exists to build against.
GAME_IDEAS_2026_EXPANSION,game_idea,Position Versatility Check,Both,"position_primary, position_secondary",Multiple choice,Quiz-Show Podium,DATA NOT YET SOURCED - needs a new field from DATA_FIELD_TAXONOMY ingested first,BLOCKED_MISSING_DATA,n/a,,NO,NO,PENDING_CLAUDE,Workbook itself marks this DATA NOT YET SOURCED -- no field exists to build against.
GAME_IDEAS_2026_EXPANSION,game_idea,Captain's Clue,Both,"captain_status, position_primary, academic_year_or_experience",Who Am I,Card Stack Progressive Clue,DATA READY - national (all 67 P4 teams already covered for this field),DATA_ADDED,n/a,,NO,NO,PENDING_CLAUDE,"Workbook marks this DATA READY nationally; a real, buildable follow-up once a Creator-facing adapter is written (not attempted this pass beyond Silhouette Reveal)."
GAME_IDEAS_2026_EXPANSION,game_idea,Injury Report Riddle,Both,"injury_availability_status, position_primary",Who Am I,Card Stack Progressive Clue,DATA NOT YET SOURCED - needs a new field from DATA_FIELD_TAXONOMY ingested first,BLOCKED_MISSING_DATA,n/a,,NO,NO,PENDING_CLAUDE,Workbook itself marks this DATA NOT YET SOURCED -- no field exists to build against.
GAME_IDEAS_2026_EXPANSION,game_idea,Nickname Match,Both,"nickname, full_name",Matching,Grid Board (Tic-Tac-Toe style),DATA NOT YET SOURCED - needs a new field from DATA_FIELD_TAXONOMY ingested first,BLOCKED_MISSING_DATA,n/a,,NO,NO,PENDING_CLAUDE,Workbook itself marks this DATA NOT YET SOURCED -- no field exists to build against.
GAME_IDEAS_2026_EXPANSION,game_idea,Legacy Player Ladder,Both,bio_blurb,Trivia,Guess Ladder,DATA NOT YET SOURCED - needs a new field from DATA_FIELD_TAXONOMY ingested first,BLOCKED_MISSING_DATA,n/a,,NO,NO,PENDING_CLAUDE,Workbook itself marks this DATA NOT YET SOURCED -- no field exists to build against.
GAME_IDEAS_2026_EXPANSION,game_idea,Roster Fingerprint: National,CFB,"jersey_number, academic_year_or_experience, hometown_city_state, high_school, height, weight_lb, position_primary",Progressive clue,Card Stack Progressive Clue,"DATA READY - sample teams only (the ~10 COMPLETE_RICH programs: Alabama, Georgia, Oklahoma, Ohio State, Oregon, Michigan, Tennessee, Texas, Texas A&M, UCLA)",DATA_ADDED,n/a,,NO,NO,PENDING_CLAUDE,"Workbook marks this DATA READY nationally; a real, buildable follow-up once a Creator-facing adapter is written (not attempted this pass beyond Silhouette Reveal)."
GAME_IDEAS_2026_EXPANSION,game_idea,Measurements Blackout,Both,"height, weight_lb",Higher/Lower,Guess Ladder,"DATA READY - sample teams only (the ~10 COMPLETE_RICH programs: Alabama, Georgia, Oklahoma, Ohio State, Oregon, Michigan, Tennessee, Texas, Texas A&M, UCLA)",DATA_ADDED,n/a,,NO,NO,PENDING_CLAUDE,"Workbook marks this DATA READY nationally; a real, buildable follow-up once a Creator-facing adapter is written (not attempted this pass beyond Silhouette Reveal)."
GAME_IDEAS_2026_EXPANSION,game_idea,"Same Number, National",CFB,"jersey_number, position_primary, team",Matching,Grid Board (Tic-Tac-Toe style),"DATA READY - sample teams only (the ~10 COMPLETE_RICH programs: Alabama, Georgia, Oklahoma, Ohio State, Oregon, Michigan, Tennessee, Texas, Texas A&M, UCLA)",MAPPED_TO_EXISTING,Immaculate Grid (renderGridBoard/renderCfbGridBoard),,NO,NO,PENDING_CLAUDE,"GRID_BOARD-style capability already live; this idea is a real variant of it, not new capability."
GAME_IDEAS_2026_EXPANSION,game_idea,Retired Number Recall,Both,retired_jersey_numbers,Trivia,Trophy Case Shelf,DATA NOT YET SOURCED - needs a new field from DATA_FIELD_TAXONOMY ingested first,BLOCKED_MISSING_DATA,n/a,,NO,NO,PENDING_CLAUDE,Workbook itself marks this DATA NOT YET SOURCED -- no field exists to build against.
GAME_IDEAS_2026_EXPANSION,game_idea,Number Roulette,Both,"jersey_number, team, position_primary",Randomizer,Wheel / Roulette Spinner,"DATA READY - sample teams only (the ~10 COMPLETE_RICH programs: Alabama, Georgia, Oklahoma, Ohio State, Oregon, Michigan, Tennessee, Texas, Texas A&M, UCLA)",DATA_ADDED,n/a,,NO,NO,PENDING_CLAUDE,"Workbook marks this DATA READY nationally; a real, buildable follow-up once a Creator-facing adapter is written (not attempted this pass beyond Silhouette Reveal)."
GAME_IDEAS_2026_EXPANSION,game_idea,Position Group Bingo,Both,"position_primary, team",Bingo/Grid,Grid Board (Tic-Tac-Toe style),"DATA READY - sample teams only (the ~10 COMPLETE_RICH programs: Alabama, Georgia, Oklahoma, Ohio State, Oregon, Michigan, Tennessee, Texas, Texas A&M, UCLA)",MAPPED_TO_EXISTING,Immaculate Grid (renderGridBoard/renderCfbGridBoard),,NO,NO,PENDING_CLAUDE,"GRID_BOARD-style capability already live; this idea is a real variant of it, not new capability."
GAME_IDEAS_2026_EXPANSION,game_idea,Odd Number Out,Both,"jersey_number, position_primary",Odd one out,Grid Board (Tic-Tac-Toe style),"DATA READY - sample teams only (the ~10 COMPLETE_RICH programs: Alabama, Georgia, Oklahoma, Ohio State, Oregon, Michigan, Tennessee, Texas, Texas A&M, UCLA)",MAPPED_TO_EXISTING,Immaculate Grid (renderGridBoard/renderCfbGridBoard),,NO,NO,PENDING_CLAUDE,"GRID_BOARD-style capability already live; this idea is a real variant of it, not new capability."
GAME_IDEAS_2026_EXPANSION,game_idea,Double Digit Duel,Both,jersey_number,Higher/Lower,Head-to-Head Split Screen,DATA READY - national (all 67 P4 teams already covered for this field),DATA_ADDED,n/a,,NO,NO,PENDING_CLAUDE,"Workbook marks this DATA READY nationally; a real, buildable follow-up once a Creator-facing adapter is written (not attempted this pass beyond Silhouette Reveal)."
GAME_IDEAS_2026_EXPANSION,game_idea,Position Side Showdown,CFB,position_side (derived),Sorting,Grid Board (Tic-Tac-Toe style),DATA READY - national (all 67 P4 teams already covered for this field),MAPPED_TO_EXISTING,Immaculate Grid (renderGridBoard/renderCfbGridBoard),,NO,NO,PENDING_CLAUDE,"GRID_BOARD-style capability already live; this idea is a real variant of it, not new capability."
GAME_IDEAS_2026_EXPANSION,game_idea,Two-Way Player Spotlight,Both,position_secondary,Trivia,Quiz-Show Podium,DATA NOT YET SOURCED - needs a new field from DATA_FIELD_TAXONOMY ingested first,BLOCKED_MISSING_DATA,n/a,,NO,NO,PENDING_CLAUDE,Workbook itself marks this DATA NOT YET SOURCED -- no field exists to build against.
GAME_IDEAS_2026_EXPANSION,game_idea,State Pipeline Map,CFB,"hometown_city_state, team",Map/Geography,Map Overlay,DATA PARTIAL - covered for some but not most P4 teams; expand before wide release,BLOCKED_MISSING_DATA,n/a,,NO,NO,PENDING_CLAUDE,Workbook marks this DATA PARTIAL (covered for some but not most P4 teams) -- insufficient breadth to clear the player-facing quality gate honestly.
GAME_IDEAS_2026_EXPANSION,game_idea,Hometown Heroes,Both,"hometown_city_state, high_school, position_primary",Progressive clue,Card Stack Progressive Clue,"DATA READY - sample teams only (the ~10 COMPLETE_RICH programs: Alabama, Georgia, Oklahoma, Ohio State, Oregon, Michigan, Tennessee, Texas, Texas A&M, UCLA)",DATA_ADDED,n/a,,NO,NO,PENDING_CLAUDE,"Workbook marks this DATA READY nationally; a real, buildable follow-up once a Creator-facing adapter is written (not attempted this pass beyond Silhouette Reveal)."
GAME_IDEAS_2026_EXPANSION,game_idea,Border War Roster Check,CFB,"hometown_city_state, team",Sorting,Grid Board (Tic-Tac-Toe style),"DATA READY - sample teams only (the ~10 COMPLETE_RICH programs: Alabama, Georgia, Oklahoma, Ohio State, Oregon, Michigan, Tennessee, Texas, Texas A&M, UCLA)",MAPPED_TO_EXISTING,Immaculate Grid (renderGridBoard/renderCfbGridBoard),,NO,NO,PENDING_CLAUDE,"GRID_BOARD-style capability already live; this idea is a real variant of it, not new capability."
GAME_IDEAS_2026_EXPANSION,game_idea,Same City Showdown,Both,"hometown_city_state, team",Matching,Grid Board (Tic-Tac-Toe style),DATA PARTIAL - covered for some but not most P4 teams; expand before wide release,BLOCKED_MISSING_DATA,n/a,,NO,NO,PENDING_CLAUDE,Workbook marks this DATA PARTIAL (covered for some but not most P4 teams) -- insufficient breadth to clear the player-facing quality gate honestly.
GAME_IDEAS_2026_EXPANSION,game_idea,Elevation Estimator,Both,venue elevation_feet,Higher/Lower,Meter / Gauge Dial,DATA NOT YET SOURCED - needs a new field from DATA_FIELD_TAXONOMY ingested first,BLOCKED_MISSING_DATA,n/a,,NO,NO,PENDING_CLAUDE,Workbook itself marks this DATA NOT YET SOURCED -- no field exists to build against.
GAME_IDEAS_2026_EXPANSION,game_idea,Road Trip Router,Both,"current_season_results, venue location",Sorting,Map Overlay,DATA PARTIAL - covered for some but not most P4 teams; expand before wide release,BLOCKED_MISSING_DATA,n/a,,NO,NO,PENDING_CLAUDE,Workbook marks this DATA PARTIAL (covered for some but not most P4 teams) -- insufficient breadth to clear the player-facing quality gate honestly.
GAME_IDEAS_2026_EXPANSION,game_idea,Recruiting Hotbed Ranking,CFB,hometown_city_state,Sorting,Leaderboard Ticker,DATA PARTIAL - covered for some but not most P4 teams; expand before wide release,BLOCKED_MISSING_DATA,n/a,,NO,NO,PENDING_CLAUDE,Workbook marks this DATA PARTIAL (covered for some but not most P4 teams) -- insufficient breadth to clear the player-facing quality gate honestly.
GAME_IDEAS_2026_EXPANSION,game_idea,International Roster Spotlight,Both,hometown_city_state,Trivia,Card Stack Progressive Clue,DATA PARTIAL - covered for some but not most P4 teams; expand before wide release,BLOCKED_MISSING_DATA,n/a,,NO,NO,PENDING_CLAUDE,Workbook marks this DATA PARTIAL (covered for some but not most P4 teams) -- insufficient breadth to clear the player-facing quality gate honestly.
GAME_IDEAS_2026_EXPANSION,game_idea,Portal Path: National,CFB,"previous_college_history_ordered, position_primary, hometown_city_state, jersey_number",Progressive clue,Card Stack Progressive Clue,"DATA READY - sample teams only (the ~10 COMPLETE_RICH programs: Alabama, Georgia, Oklahoma, Ohio State, Oregon, Michigan, Tennessee, Texas, Texas A&M, UCLA)",DATA_ADDED,n/a,,NO,NO,PENDING_CLAUDE,"Workbook marks this DATA READY nationally; a real, buildable follow-up once a Creator-facing adapter is written (not attempted this pass beyond Silhouette Reveal)."
GAME_IDEAS_2026_EXPANSION,game_idea,Transfer Trail Timeline,CFB,previous_college_history_ordered,Timeline sorting,Timeline Ribbon,DATA PARTIAL - covered for some but not most P4 teams; expand before wide release,BLOCKED_MISSING_DATA,n/a,,NO,NO,PENDING_CLAUDE,Workbook marks this DATA PARTIAL (covered for some but not most P4 teams) -- insufficient breadth to clear the player-facing quality gate honestly.
GAME_IDEAS_2026_EXPANSION,game_idea,Portal Net Gain Ladder,CFB,transfer_portal_net_by_season,Sorting,Leaderboard Ticker,DATA READY - national (all 67 P4 teams already covered for this field),DATA_ADDED,n/a,,NO,NO,PENDING_CLAUDE,"Workbook marks this DATA READY nationally; a real, buildable follow-up once a Creator-facing adapter is written (not attempted this pass beyond Silhouette Reveal)."
GAME_IDEAS_2026_EXPANSION,game_idea,Reverse Portal Path,CFB,previous_college_history_ordered,Who Am I,Card Stack Progressive Clue,"DATA READY - sample teams only (the ~10 COMPLETE_RICH programs: Alabama, Georgia, Oklahoma, Ohio State, Oregon, Michigan, Tennessee, Texas, Texas A&M, UCLA)",DATA_ADDED,n/a,,NO,NO,PENDING_CLAUDE,"Workbook marks this DATA READY nationally; a real, buildable follow-up once a Creator-facing adapter is written (not attempted this pass beyond Silhouette Reveal)."
GAME_IDEAS_2026_EXPANSION,game_idea,Conference Jump Tracker,CFB,"previous_college_history_ordered, conference_and_division",Matching,Grid Board (Tic-Tac-Toe style),DATA PARTIAL - covered for some but not most P4 teams; expand before wide release,BLOCKED_MISSING_DATA,n/a,,NO,NO,PENDING_CLAUDE,Workbook marks this DATA PARTIAL (covered for some but not most P4 teams) -- insufficient breadth to clear the player-facing quality gate honestly.
GAME_IDEAS_2026_EXPANSION,game_idea,One-and-Done Portal Stops,CFB,previous_college_history_ordered,Trivia,Quiz-Show Podium,DATA PARTIAL - covered for some but not most P4 teams; expand before wide release,BLOCKED_MISSING_DATA,n/a,,NO,NO,PENDING_CLAUDE,Workbook marks this DATA PARTIAL (covered for some but not most P4 teams) -- insufficient breadth to clear the player-facing quality gate honestly.
GAME_IDEAS_2026_EXPANSION,game_idea,Draft-to-Roster Bridge,NFL,"previous_college_history_ordered (via alumni bridge), draft_year_round_pick",Matching,Two-Deep Flip Cards,DATA PARTIAL - covered for some but not most P4 teams; expand before wide release,BLOCKED_MISSING_DATA,n/a,,NO,NO,PENDING_CLAUDE,Workbook marks this DATA PARTIAL (covered for some but not most P4 teams) -- insufficient breadth to clear the player-facing quality gate honestly.
GAME_IDEAS_2026_EXPANSION,game_idea,Career Arc Board,Both,"high_school, previous_college_history_ordered, draft_year_round_pick",Timeline,Story Branch Cards,DATA NOT YET SOURCED - needs a new field from DATA_FIELD_TAXONOMY ingested first,BLOCKED_MISSING_DATA,n/a,,NO,NO,PENDING_CLAUDE,Workbook itself marks this DATA NOT YET SOURCED -- no field exists to build against.
GAME_IDEAS_2026_EXPANSION,game_idea,Recruiting Resume: National,CFB,"recruiting_star_rating, high_school, recruiting_offer_list",Progressive clue,Card Stack Progressive Clue,DATA NOT YET SOURCED - needs a new field from DATA_FIELD_TAXONOMY ingested first,BLOCKED_MISSING_DATA,n/a,,NO,NO,PENDING_CLAUDE,Workbook itself marks this DATA NOT YET SOURCED -- no field exists to build against.
GAME_IDEAS_2026_EXPANSION,game_idea,Star Rating Higher/Lower,CFB,recruiting_star_rating,Higher/Lower,Guess Ladder,DATA NOT YET SOURCED - needs a new field from DATA_FIELD_TAXONOMY ingested first,BLOCKED_MISSING_DATA,n/a,,NO,NO,PENDING_CLAUDE,Workbook itself marks this DATA NOT YET SOURCED -- no field exists to build against.
GAME_IDEAS_2026_EXPANSION,game_idea,Recruiting Class Tier List,CFB,recruiting_class_rank_history,Tier list,Tier-List Drag Board,DATA NOT YET SOURCED - needs a new field from DATA_FIELD_TAXONOMY ingested first,BLOCKED_MISSING_DATA,n/a,,NO,NO,PENDING_CLAUDE,Workbook itself marks this DATA NOT YET SOURCED -- no field exists to build against.
GAME_IDEAS_2026_EXPANSION,game_idea,Flip Alert,CFB,commitment_and_signing_dates,Trivia,Quiz-Show Podium,DATA NOT YET SOURCED - needs a new field from DATA_FIELD_TAXONOMY ingested first,BLOCKED_MISSING_DATA,n/a,,NO,NO,PENDING_CLAUDE,Workbook itself marks this DATA NOT YET SOURCED -- no field exists to build against.
GAME_IDEAS_2026_EXPANSION,game_idea,Offer Sheet Showdown,CFB,recruiting_offer_list,Progressive clue,Card Stack Progressive Clue,DATA NOT YET SOURCED - needs a new field from DATA_FIELD_TAXONOMY ingested first,BLOCKED_MISSING_DATA,n/a,,NO,NO,PENDING_CLAUDE,Workbook itself marks this DATA NOT YET SOURCED -- no field exists to build against.
GAME_IDEAS_2026_EXPANSION,game_idea,Position Need Draft,CFB,"recruiting_star_rating, position_primary, position_need",Draft/build,Roster Board / List Builder,DATA NOT YET SOURCED - needs a new field from DATA_FIELD_TAXONOMY ingested first,BLOCKED_MISSING_DATA,n/a,,NO,NO,PENDING_CLAUDE,Workbook itself marks this DATA NOT YET SOURCED -- no field exists to build against.
GAME_IDEAS_2026_EXPANSION,game_idea,Early Enrollee Spotlight,CFB,early_enrollee_flag,Trivia,Card Stack Progressive Clue,DATA NOT YET SOURCED - needs a new field from DATA_FIELD_TAXONOMY ingested first,BLOCKED_MISSING_DATA,n/a,,NO,NO,PENDING_CLAUDE,Workbook itself marks this DATA NOT YET SOURCED -- no field exists to build against.
GAME_IDEAS_2026_EXPANSION,game_idea,Recruiting Rank Ladder,CFB,recruiting_class_rank_history,Sorting,Leaderboard Ticker,DATA NOT YET SOURCED - needs a new field from DATA_FIELD_TAXONOMY ingested first,BLOCKED_MISSING_DATA,n/a,,NO,NO,PENDING_CLAUDE,Workbook itself marks this DATA NOT YET SOURCED -- no field exists to build against.
GAME_IDEAS_2026_EXPANSION,game_idea,Coordinator Carousel: National,CFB,coordinators_current,Matching,Grid Board (Tic-Tac-Toe style),"DATA READY - sample teams only (the ~10 COMPLETE_RICH programs: Alabama, Georgia, Oklahoma, Ohio State, Oregon, Michigan, Tennessee, Texas, Texas A&M, UCLA)",MAPPED_TO_EXISTING,Immaculate Grid (renderGridBoard/renderCfbGridBoard),,NO,NO,PENDING_CLAUDE,"GRID_BOARD-style capability already live; this idea is a real variant of it, not new capability."
GAME_IDEAS_2026_EXPANSION,game_idea,Scheme Detective,Both,scheme_family_offense_defense,Multiple choice,Quiz-Show Podium,DATA READY - national (all 67 P4 teams already covered for this field),DATA_ADDED,n/a,,NO,NO,PENDING_CLAUDE,"Workbook marks this DATA READY nationally; a real, buildable follow-up once a Creator-facing adapter is written (not attempted this pass beyond Silhouette Reveal)."
GAME_IDEAS_2026_EXPANSION,game_idea,Coaching Tree Match,Both,"coaching_tree_lineage, previous_stops",Matching,Grid Board (Tic-Tac-Toe style),DATA NOT YET SOURCED - needs a new field from DATA_FIELD_TAXONOMY ingested first,BLOCKED_MISSING_DATA,n/a,,NO,NO,PENDING_CLAUDE,Workbook itself marks this DATA NOT YET SOURCED -- no field exists to build against.
GAME_IDEAS_2026_EXPANSION,game_idea,Contract Clock: National,Both,contract_length_public,Higher/Lower,Guess Ladder,DATA PARTIAL - covered for some but not most P4 teams; expand before wide release,BLOCKED_MISSING_DATA,n/a,,NO,NO,PENDING_CLAUDE,Workbook marks this DATA PARTIAL (covered for some but not most P4 teams) -- insufficient breadth to clear the player-facing quality gate honestly.
GAME_IDEAS_2026_EXPANSION,game_idea,First-Time Play Caller,CFB,previous_stops,Trivia,Quiz-Show Podium,DATA NOT YET SOURCED - needs a new field from DATA_FIELD_TAXONOMY ingested first,BLOCKED_MISSING_DATA,n/a,,NO,NO,PENDING_CLAUDE,Workbook itself marks this DATA NOT YET SOURCED -- no field exists to build against.
GAME_IDEAS_2026_EXPANSION,game_idea,Staff Directory Match,CFB,name_and_title (staff),Matching,Grid Board (Tic-Tac-Toe style),"DATA READY - sample teams only (the ~10 COMPLETE_RICH programs: Alabama, Georgia, Oklahoma, Ohio State, Oregon, Michigan, Tennessee, Texas, Texas A&M, UCLA)",MAPPED_TO_EXISTING,Immaculate Grid (renderGridBoard/renderCfbGridBoard),,NO,NO,PENDING_CLAUDE,"GRID_BOARD-style capability already live; this idea is a real variant of it, not new capability."
GAME_IDEAS_2026_EXPANSION,game_idea,Coach of the Year Ballot,Both,award_history (coach),Bracket,Bracket Tree,DATA NOT YET SOURCED - needs a new field from DATA_FIELD_TAXONOMY ingested first,BLOCKED_MISSING_DATA,n/a,,NO,NO,PENDING_CLAUDE,Workbook itself marks this DATA NOT YET SOURCED -- no field exists to build against.
GAME_IDEAS_2026_EXPANSION,game_idea,Alma Mater Connection,Both,alma_mater_and_playing_career,Trivia,Card Stack Progressive Clue,DATA NOT YET SOURCED - needs a new field from DATA_FIELD_TAXONOMY ingested first,BLOCKED_MISSING_DATA,n/a,,NO,NO,PENDING_CLAUDE,Workbook itself marks this DATA NOT YET SOURCED -- no field exists to build against.
GAME_IDEAS_2026_EXPANSION,game_idea,Championship Timeline,Both,championship_history,Timeline,Timeline Ribbon,DATA NOT YET SOURCED - needs a new field from DATA_FIELD_TAXONOMY ingested first,BLOCKED_MISSING_DATA,n/a,,NO,NO,PENDING_CLAUDE,Workbook itself marks this DATA NOT YET SOURCED -- no field exists to build against.
GAME_IDEAS_2026_EXPANSION,game_idea,Record Book Reveal,Both,"single_game_program_records, career_program_records",Progressive clue,Card Stack Progressive Clue,DATA NOT YET SOURCED - needs a new field from DATA_FIELD_TAXONOMY ingested first,BLOCKED_MISSING_DATA,n/a,,NO,NO,PENDING_CLAUDE,Workbook itself marks this DATA NOT YET SOURCED -- no field exists to build against.
GAME_IDEAS_2026_EXPANSION,game_idea,Milestone Countdown,Both,program_milestones,Trivia,Quiz-Show Podium,DATA NOT YET SOURCED - needs a new field from DATA_FIELD_TAXONOMY ingested first,BLOCKED_MISSING_DATA,n/a,,NO,NO,PENDING_CLAUDE,Workbook itself marks this DATA NOT YET SOURCED -- no field exists to build against.
GAME_IDEAS_2026_EXPANSION,game_idea,Undefeated Season Tracker,Both,"championship_history, all_time_record",Trivia,Leaderboard Ticker,DATA NOT YET SOURCED - needs a new field from DATA_FIELD_TAXONOMY ingested first,BLOCKED_MISSING_DATA,n/a,,NO,NO,PENDING_CLAUDE,Workbook itself marks this DATA NOT YET SOURCED -- no field exists to build against.
GAME_IDEAS_2026_EXPANSION,game_idea,Bowl History Bracket,CFB,bowl_or_playoff_history,Bracket,Bracket Tree,DATA NOT YET SOURCED - needs a new field from DATA_FIELD_TAXONOMY ingested first,BLOCKED_MISSING_DATA,n/a,,NO,NO,PENDING_CLAUDE,Workbook itself marks this DATA NOT YET SOURCED -- no field exists to build against.
GAME_IDEAS_2026_EXPANSION,game_idea,All-Time Head Coach Ladder,Both,"head_coach_history_timeline, career_win_loss_record",Sorting,Leaderboard Ticker,DATA NOT YET SOURCED - needs a new field from DATA_FIELD_TAXONOMY ingested first,BLOCKED_MISSING_DATA,n/a,,NO,NO,PENDING_CLAUDE,Workbook itself marks this DATA NOT YET SOURCED -- no field exists to build against.
GAME_IDEAS_2026_EXPANSION,game_idea,Decade Dominance,Both,all_time_record,Trivia,Quiz-Show Podium,DATA NOT YET SOURCED - needs a new field from DATA_FIELD_TAXONOMY ingested first,BLOCKED_MISSING_DATA,n/a,,NO,NO,PENDING_CLAUDE,Workbook itself marks this DATA NOT YET SOURCED -- no field exists to build against.
GAME_IDEAS_2026_EXPANSION,game_idea,Rivalry Bracket,Both,"rivalry_list_and_trophy_names, rivalry_series_record",Bracket,Bracket Tree,DATA NOT YET SOURCED - needs a new field from DATA_FIELD_TAXONOMY ingested first,BLOCKED_MISSING_DATA,n/a,,NO,NO,PENDING_CLAUDE,Workbook itself marks this DATA NOT YET SOURCED -- no field exists to build against.
GAME_IDEAS_2026_EXPANSION,game_idea,Trophy Trivia,Both,rivalry_list_and_trophy_names,Matching,Trophy Case Shelf,DATA NOT YET SOURCED - needs a new field from DATA_FIELD_TAXONOMY ingested first,BLOCKED_MISSING_DATA,n/a,,NO,NO,PENDING_CLAUDE,Workbook itself marks this DATA NOT YET SOURCED -- no field exists to build against.
GAME_IDEAS_2026_EXPANSION,game_idea,Series Record Duel,Both,rivalry_series_record,Higher/Lower,Rivalry Scoreboard Duel,DATA NOT YET SOURCED - needs a new field from DATA_FIELD_TAXONOMY ingested first,BLOCKED_MISSING_DATA,n/a,,NO,NO,PENDING_CLAUDE,Workbook itself marks this DATA NOT YET SOURCED -- no field exists to build against.
GAME_IDEAS_2026_EXPANSION,game_idea,Rivalry Week Predictor,Both,"current_season_results, rivalry_list_and_trophy_names",Prediction,Head-to-Head Split Screen,DATA PARTIAL - covered for some but not most P4 teams; expand before wide release,BLOCKED_MISSING_DATA,n/a,,NO,NO,PENDING_CLAUDE,Workbook marks this DATA PARTIAL (covered for some but not most P4 teams) -- insufficient breadth to clear the player-facing quality gate honestly.
GAME_IDEAS_2026_EXPANSION,game_idea,Border Battle Geography,Both,"rivalry_list_and_trophy_names, venue location",Map/Geography,Map Overlay,DATA NOT YET SOURCED - needs a new field from DATA_FIELD_TAXONOMY ingested first,BLOCKED_MISSING_DATA,n/a,,NO,NO,PENDING_CLAUDE,Workbook itself marks this DATA NOT YET SOURCED -- no field exists to build against.
GAME_IDEAS_2026_EXPANSION,game_idea,Iconic Rivalry Moment,Both,"notable_records_set, championship_history",Trivia,Card Stack Progressive Clue,DATA NOT YET SOURCED - needs a new field from DATA_FIELD_TAXONOMY ingested first,BLOCKED_MISSING_DATA,n/a,,NO,NO,PENDING_CLAUDE,Workbook itself marks this DATA NOT YET SOURCED -- no field exists to build against.
GAME_IDEAS_2026_EXPANSION,game_idea,Mascot Match,Both,mascot_and_nickname,Matching,Grid Board (Tic-Tac-Toe style),DATA NOT YET SOURCED - needs a new field from DATA_FIELD_TAXONOMY ingested first,BLOCKED_MISSING_DATA,n/a,,NO,NO,PENDING_CLAUDE,Workbook itself marks this DATA NOT YET SOURCED -- no field exists to build against.
GAME_IDEAS_2026_EXPANSION,game_idea,Traditions Trivia,Both,notable_traditions_list,Multiple choice,Quiz-Show Podium,DATA NOT YET SOURCED - needs a new field from DATA_FIELD_TAXONOMY ingested first,BLOCKED_MISSING_DATA,n/a,,NO,NO,PENDING_CLAUDE,Workbook itself marks this DATA NOT YET SOURCED -- no field exists to build against.
GAME_IDEAS_2026_EXPANSION,game_idea,Origin Story Guess,Both,mascot_origin_story,Trivia,Card Stack Progressive Clue,DATA NOT YET SOURCED - needs a new field from DATA_FIELD_TAXONOMY ingested first,BLOCKED_MISSING_DATA,n/a,,NO,NO,PENDING_CLAUDE,Workbook itself marks this DATA NOT YET SOURCED -- no field exists to build against.
GAME_IDEAS_2026_EXPANSION,game_idea,Fight Song Lyrics ID,CFB,band_and_fight_song_history,Multiple choice,Quiz-Show Podium,DATA NOT YET SOURCED - needs a new field from DATA_FIELD_TAXONOMY ingested first,BLOCKED_MISSING_DATA,n/a,,NO,NO,PENDING_CLAUDE,Workbook itself marks this DATA NOT YET SOURCED -- no field exists to build against.
GAME_IDEAS_2026_EXPANSION,game_idea,Odd Mascot Out,Both,mascot_and_nickname,Odd one out,Grid Board (Tic-Tac-Toe style),DATA NOT YET SOURCED - needs a new field from DATA_FIELD_TAXONOMY ingested first,BLOCKED_MISSING_DATA,n/a,,NO,NO,PENDING_CLAUDE,Workbook itself marks this DATA NOT YET SOURCED -- no field exists to build against.
GAME_IDEAS_2026_EXPANSION,game_idea,Capacity Ladder: National,Both,stadium_name_and_capacity,Higher/Lower,Guess Ladder,DATA READY - national (all 67 P4 teams already covered for this field),ENHANCED_EXISTING,existing CFB Stadium Capacity higher/lower mode,,NO,NO,PENDING_CLAUDE,"Idea is a real, legitimate scale-up (every FBS+NFL venue) of an already-live mode -- not built wider this pass."
GAME_IDEAS_2026_EXPANSION,game_idea,Venue Geography Map,Both,location_city_state,Map/Geography,Map Overlay,DATA PARTIAL - covered for some but not most P4 teams; expand before wide release,BLOCKED_MISSING_DATA,n/a,,NO,NO,PENDING_CLAUDE,Workbook marks this DATA PARTIAL (covered for some but not most P4 teams) -- insufficient breadth to clear the player-facing quality gate honestly.
GAME_IDEAS_2026_EXPANSION,game_idea,Surface Sort,Both,stadium_surface_and_opened_year,Sorting,Grid Board (Tic-Tac-Toe style),DATA NOT YET SOURCED - needs a new field from DATA_FIELD_TAXONOMY ingested first,BLOCKED_MISSING_DATA,n/a,,NO,NO,PENDING_CLAUDE,Workbook itself marks this DATA NOT YET SOURCED -- no field exists to build against.
GAME_IDEAS_2026_EXPANSION,game_idea,Attendance Record Duel,Both,record_attendance,Higher/Lower,Head-to-Head Split Screen,DATA NOT YET SOURCED - needs a new field from DATA_FIELD_TAXONOMY ingested first,BLOCKED_MISSING_DATA,n/a,,NO,NO,PENDING_CLAUDE,Workbook itself marks this DATA NOT YET SOURCED -- no field exists to build against.
GAME_IDEAS_2026_EXPANSION,game_idea,Naming Rights History,NFL,stadium_naming_rights_deal,Trivia,Quiz-Show Podium,DATA NOT YET SOURCED - needs a new field from DATA_FIELD_TAXONOMY ingested first,BLOCKED_MISSING_DATA,n/a,,NO,NO,PENDING_CLAUDE,Workbook itself marks this DATA NOT YET SOURCED -- no field exists to build against.
GAME_IDEAS_2026_EXPANSION,game_idea,Home Field Advantage Estimator,Both,"current_season_results, all_time_record",Trivia,Meter / Gauge Dial,DATA NOT YET SOURCED - needs a new field from DATA_FIELD_TAXONOMY ingested first,BLOCKED_MISSING_DATA,n/a,,NO,NO,PENDING_CLAUDE,Workbook itself marks this DATA NOT YET SOURCED -- no field exists to build against.
GAME_IDEAS_2026_EXPANSION,game_idea,Award Glossary Match: Expanded,CFB,national_award_catalog,Matching,Trophy Case Shelf,DATA READY - national (all 67 P4 teams already covered for this field),MAPPED_TO_EXISTING,cfb_awards / cfb_award_facts / cfb_all_america_certified,,NO,NO,PENDING_CLAUDE,Real award/All-America tables already exist in the Engine independent of this workbook; this idea's mechanic (matching/sorting/bracket/trivia) is already proven elsewhere. Not rebuilt this pass.
GAME_IDEAS_2026_EXPANSION,game_idea,Heisman History Ladder,CFB,national_award_winners,Sorting,Leaderboard Ticker,DATA READY - national (all 67 P4 teams already covered for this field),MAPPED_TO_EXISTING,cfb_awards / cfb_award_facts / cfb_all_america_certified,,NO,NO,PENDING_CLAUDE,Real award/All-America tables already exist in the Engine independent of this workbook; this idea's mechanic (matching/sorting/bracket/trivia) is already proven elsewhere. Not rebuilt this pass.
GAME_IDEAS_2026_EXPANSION,game_idea,All-America Roster Builder,CFB,all_america_teams,Draft/build,Roster Board / List Builder,DATA READY - national (all 67 P4 teams already covered for this field),MAPPED_TO_EXISTING,cfb_awards / cfb_award_facts / cfb_all_america_certified,,NO,NO,PENDING_CLAUDE,Real award/All-America tables already exist in the Engine independent of this workbook; this idea's mechanic (matching/sorting/bracket/trivia) is already proven elsewhere. Not rebuilt this pass.
GAME_IDEAS_2026_EXPANSION,game_idea,Weekly Honor Roll,Both,weekly_conference_honors,Current-events matching,Grid Board (Tic-Tac-Toe style),DATA NOT YET SOURCED - needs a new field from DATA_FIELD_TAXONOMY ingested first,BLOCKED_MISSING_DATA,n/a,,NO,NO,PENDING_CLAUDE,Workbook itself marks this DATA NOT YET SOURCED -- no field exists to build against.
GAME_IDEAS_2026_EXPANSION,game_idea,Award Bracket,Both,national_award_catalog,Bracket,Bracket Tree,DATA READY - national (all 67 P4 teams already covered for this field),MAPPED_TO_EXISTING,cfb_awards / cfb_award_facts / cfb_all_america_certified,,NO,NO,PENDING_CLAUDE,Real award/All-America tables already exist in the Engine independent of this workbook; this idea's mechanic (matching/sorting/bracket/trivia) is already proven elsewhere. Not rebuilt this pass.
GAME_IDEAS_2026_EXPANSION,game_idea,One-Award Wonder,Both,national_award_winners,Trivia,Card Stack Progressive Clue,DATA READY - national (all 67 P4 teams already covered for this field),MAPPED_TO_EXISTING,cfb_awards / cfb_award_facts / cfb_all_america_certified,,NO,NO,PENDING_CLAUDE,Real award/All-America tables already exist in the Engine independent of this workbook; this idea's mechanic (matching/sorting/bracket/trivia) is already proven elsewhere. Not rebuilt this pass.
GAME_IDEAS_2026_EXPANSION,game_idea,Color Swatch Match: National,Both,primary_secondary_colors_hex,Matching,Color Swatch Match,DATA NOT YET SOURCED - needs a new field from DATA_FIELD_TAXONOMY ingested first,BLOCKED_MISSING_DATA,n/a,,NO,NO,PENDING_CLAUDE,Workbook itself marks this DATA NOT YET SOURCED -- no field exists to build against.
GAME_IDEAS_2026_EXPANSION,game_idea,Alternate Jersey ID,Both,uniform_eras_and_alternates,Multiple choice,Quiz-Show Podium,DATA NOT YET SOURCED - needs a new field from DATA_FIELD_TAXONOMY ingested first,BLOCKED_MISSING_DATA,n/a,,NO,NO,PENDING_CLAUDE,Workbook itself marks this DATA NOT YET SOURCED -- no field exists to build against.
GAME_IDEAS_2026_EXPANSION,game_idea,Helmet Era Timeline,Both,uniform_eras_and_alternates,Timeline,Timeline Ribbon,DATA NOT YET SOURCED - needs a new field from DATA_FIELD_TAXONOMY ingested first,BLOCKED_MISSING_DATA,n/a,,NO,NO,PENDING_CLAUDE,Workbook itself marks this DATA NOT YET SOURCED -- no field exists to build against.
GAME_IDEAS_2026_EXPANSION,game_idea,Color Rivalry Clash,Both,"primary_secondary_colors_hex, rivalry_list_and_trophy_names",Higher/Lower,Rivalry Scoreboard Duel,DATA NOT YET SOURCED - needs a new field from DATA_FIELD_TAXONOMY ingested first,BLOCKED_MISSING_DATA,n/a,,NO,NO,PENDING_CLAUDE,Workbook itself marks this DATA NOT YET SOURCED -- no field exists to build against.
GAME_IDEAS_2026_EXPANSION,game_idea,Opponent Blitz: National,CFB,current_season_results (schedule),Rapid fire,Quiz-Show Podium,DATA PARTIAL - covered for some but not most P4 teams; expand before wide release,BLOCKED_MISSING_DATA,n/a,,NO,NO,PENDING_CLAUDE,Workbook marks this DATA PARTIAL (covered for some but not most P4 teams) -- insufficient breadth to clear the player-facing quality gate honestly.
GAME_IDEAS_2026_EXPANSION,game_idea,Margin Madness: National,Both,final_score_and_result,Higher/Lower,Guess Ladder,DATA PARTIAL - covered for some but not most P4 teams; expand before wide release,BLOCKED_MISSING_DATA,n/a,,NO,NO,PENDING_CLAUDE,Workbook marks this DATA PARTIAL (covered for some but not most P4 teams) -- insufficient breadth to clear the player-facing quality gate honestly.
GAME_IDEAS_2026_EXPANSION,game_idea,Upset Alert,Both,current_season_results,Prediction,Head-to-Head Split Screen,DATA PARTIAL - covered for some but not most P4 teams; expand before wide release,BLOCKED_MISSING_DATA,n/a,,NO,NO,PENDING_CLAUDE,Workbook marks this DATA PARTIAL (covered for some but not most P4 teams) -- insufficient breadth to clear the player-facing quality gate honestly.
GAME_IDEAS_2026_EXPANSION,game_idea,Bye Week Bracket,Both,current_season_results (schedule),Sorting,Grid Board (Tic-Tac-Toe style),DATA PARTIAL - covered for some but not most P4 teams; expand before wide release,BLOCKED_MISSING_DATA,n/a,,NO,NO,PENDING_CLAUDE,Workbook marks this DATA PARTIAL (covered for some but not most P4 teams) -- insufficient breadth to clear the player-facing quality gate honestly.
GAME_IDEAS_2026_EXPANSION,game_idea,Streak Tracker,Both,current_season_results,Trivia,Leaderboard Ticker,DATA PARTIAL - covered for some but not most P4 teams; expand before wide release,BLOCKED_MISSING_DATA,n/a,,NO,NO,PENDING_CLAUDE,Workbook marks this DATA PARTIAL (covered for some but not most P4 teams) -- insufficient breadth to clear the player-facing quality gate honestly.
GAME_IDEAS_2026_EXPANSION,game_idea,Box Score Blackout,Both,box_score_by_category,Higher/Lower,Box Score Reveal Sheet,DATA NOT YET SOURCED - needs a new field from DATA_FIELD_TAXONOMY ingested first,BLOCKED_MISSING_DATA,n/a,,NO,NO,PENDING_CLAUDE,Workbook itself marks this DATA NOT YET SOURCED -- no field exists to build against.
GAME_IDEAS_2026_EXPANSION,game_idea,Ranked Matchup Meter,Both,"current_season_results, preseason_ap_rank",Prediction,Meter / Gauge Dial,DATA PARTIAL - covered for some but not most P4 teams; expand before wide release,BLOCKED_MISSING_DATA,n/a,,NO,NO,PENDING_CLAUDE,Workbook marks this DATA PARTIAL (covered for some but not most P4 teams) -- insufficient breadth to clear the player-facing quality gate honestly.
GAME_IDEAS_2026_EXPANSION,game_idea,Weekly Pick'em Grid,Both,current_season_results (schedule),Prediction,Weekly Pick'em Grid,DATA PARTIAL - covered for some but not most P4 teams; expand before wide release,BLOCKED_MISSING_DATA,n/a,,NO,NO,PENDING_CLAUDE,Workbook marks this DATA PARTIAL (covered for some but not most P4 teams) -- insufficient breadth to clear the player-facing quality gate honestly.
GAME_IDEAS_2026_EXPANSION,game_idea,Mock Draft Big Board,NFL,"draft_year_round_pick, position_primary, combine_measurables",Draft/build,Mock Draft Big Board,DATA NOT YET SOURCED - needs a new field from DATA_FIELD_TAXONOMY ingested first,BLOCKED_MISSING_DATA,n/a,,NO,NO,PENDING_CLAUDE,Workbook itself marks this DATA NOT YET SOURCED -- no field exists to build against.
GAME_IDEAS_2026_EXPANSION,game_idea,Draft Slot Detective,NFL,"combine_measurables, previous_college_history_ordered, draft_year_round_pick",Progressive clue,Card Stack Progressive Clue,DATA NOT YET SOURCED - needs a new field from DATA_FIELD_TAXONOMY ingested first,BLOCKED_MISSING_DATA,n/a,,NO,NO,PENDING_CLAUDE,Workbook itself marks this DATA NOT YET SOURCED -- no field exists to build against.
GAME_IDEAS_2026_EXPANSION,game_idea,Trade Up or Stay Put,NFL,draft_day_trade_log,Decision-sim,Story Branch Cards,DATA NOT YET SOURCED - needs a new field from DATA_FIELD_TAXONOMY ingested first,BLOCKED_MISSING_DATA,n/a,,NO,NO,PENDING_CLAUDE,Workbook itself marks this DATA NOT YET SOURCED -- no field exists to build against.
GAME_IDEAS_2026_EXPANSION,game_idea,Draft Class Reunion,NFL,draft_year_round_pick,Matching,Grid Board (Tic-Tac-Toe style),DATA NOT YET SOURCED - needs a new field from DATA_FIELD_TAXONOMY ingested first,BLOCKED_MISSING_DATA,n/a,,NO,NO,PENDING_CLAUDE,Workbook itself marks this DATA NOT YET SOURCED -- no field exists to build against.
GAME_IDEAS_2026_EXPANSION,game_idea,Combine Numbers Duel,NFL,combine_measurables,Higher/Lower,Head-to-Head Split Screen,DATA NOT YET SOURCED - needs a new field from DATA_FIELD_TAXONOMY ingested first,BLOCKED_MISSING_DATA,n/a,,NO,NO,PENDING_CLAUDE,Workbook itself marks this DATA NOT YET SOURCED -- no field exists to build against.
GAME_IDEAS_2026_EXPANSION,game_idea,Steal or Bust Ladder,NFL,"draft_year_round_pick, career_stat_totals",Trivia,Leaderboard Ticker,DATA NOT YET SOURCED - needs a new field from DATA_FIELD_TAXONOMY ingested first,BLOCKED_MISSING_DATA,n/a,,NO,NO,PENDING_CLAUDE,Workbook itself marks this DATA NOT YET SOURCED -- no field exists to build against.
GAME_IDEAS_2026_EXPANSION,game_idea,Cap Space Budget Bar,NFL,"salary_cap_space_public, contract_years_and_tier",Budget/build,Cap Space Budget Bar,DATA READY - national (all 67 P4 teams already covered for this field),BLOCKED_MISSING_DATA,n/a,,NO,NO,PENDING_CLAUDE,"Marked DATA READY by the workbook, but the underlying field (contract_years_and_tier / transaction_history / injury_availability_status at national breadth) is not actually present in this workbook or the Engine at the claimed breadth -- verified directly, not assumed."
GAME_IDEAS_2026_EXPANSION,game_idea,Contract Tier Ladder,NFL,contract_years_and_tier,Sorting,Leaderboard Ticker,DATA READY - national (all 67 P4 teams already covered for this field),BLOCKED_MISSING_DATA,n/a,,NO,NO,PENDING_CLAUDE,"Marked DATA READY by the workbook, but the underlying field (contract_years_and_tier / transaction_history / injury_availability_status at national breadth) is not actually present in this workbook or the Engine at the claimed breadth -- verified directly, not assumed."
GAME_IDEAS_2026_EXPANSION,game_idea,Extension Watch,NFL,contract_years_and_tier,Prediction,Quiz-Show Podium,DATA READY - national (all 67 P4 teams already covered for this field),BLOCKED_MISSING_DATA,n/a,,NO,NO,PENDING_CLAUDE,"Marked DATA READY by the workbook, but the underlying field (contract_years_and_tier / transaction_history / injury_availability_status at national breadth) is not actually present in this workbook or the Engine at the claimed breadth -- verified directly, not assumed."
GAME_IDEAS_2026_EXPANSION,game_idea,Cap Casualty Countdown,NFL,"contract_years_and_tier, transaction_history",Trivia,Guess Ladder,DATA READY - national (all 67 P4 teams already covered for this field),BLOCKED_MISSING_DATA,n/a,,NO,NO,PENDING_CLAUDE,"Marked DATA READY by the workbook, but the underlying field (contract_years_and_tier / transaction_history / injury_availability_status at national breadth) is not actually present in this workbook or the Engine at the claimed breadth -- verified directly, not assumed."
GAME_IDEAS_2026_EXPANSION,game_idea,Cut or Keep?: Live Season,NFL,transaction_history,Elimination,Guess Ladder,DATA READY - national (all 67 P4 teams already covered for this field),BLOCKED_MISSING_DATA,n/a,,NO,NO,PENDING_CLAUDE,"Marked DATA READY by the workbook, but the underlying field (contract_years_and_tier / transaction_history / injury_availability_status at national breadth) is not actually present in this workbook or the Engine at the claimed breadth -- verified directly, not assumed."
GAME_IDEAS_2026_EXPANSION,game_idea,Waiver Wire Watch,NFL,transaction_history,Matching,Grid Board (Tic-Tac-Toe style),DATA READY - national (all 67 P4 teams already covered for this field),MAPPED_TO_EXISTING,Immaculate Grid (renderGridBoard/renderCfbGridBoard),,NO,NO,PENDING_CLAUDE,"GRID_BOARD-style capability already live; this idea is a real variant of it, not new capability."
GAME_IDEAS_2026_EXPANSION,game_idea,Trade Deadline Board: Season Long,NFL,trade_compensation_details,Matching,Grid Board (Tic-Tac-Toe style),DATA READY - national (all 67 P4 teams already covered for this field),MAPPED_TO_EXISTING,Immaculate Grid (renderGridBoard/renderCfbGridBoard),,NO,NO,PENDING_CLAUDE,"GRID_BOARD-style capability already live; this idea is a real variant of it, not new capability."
GAME_IDEAS_2026_EXPANSION,game_idea,Practice Squad Poach,NFL,transaction_history,Trivia,Quiz-Show Podium,DATA READY - national (all 67 P4 teams already covered for this field),BLOCKED_MISSING_DATA,n/a,,NO,NO,PENDING_CLAUDE,"Marked DATA READY by the workbook, but the underlying field (contract_years_and_tier / transaction_history / injury_availability_status at national breadth) is not actually present in this workbook or the Engine at the claimed breadth -- verified directly, not assumed."
GAME_IDEAS_2026_EXPANSION,game_idea,IR Return Tracker,NFL,injury_availability_status,Sorting,Leaderboard Ticker,DATA NOT YET SOURCED - needs a new field from DATA_FIELD_TAXONOMY ingested first,BLOCKED_MISSING_DATA,n/a,,NO,NO,PENDING_CLAUDE,Workbook itself marks this DATA NOT YET SOURCED -- no field exists to build against.
GAME_IDEAS_2026_EXPANSION,game_idea,Starter or Backup?: National,NFL,depth_chart_role,Two-choice,Two-Deep Flip Cards,"DATA READY - sample teams only (the ~10 COMPLETE_RICH programs: Alabama, Georgia, Oklahoma, Ohio State, Oregon, Michigan, Tennessee, Texas, Texas A&M, UCLA)",DATA_ADDED,n/a,,NO,NO,PENDING_CLAUDE,"Workbook marks this DATA READY nationally; a real, buildable follow-up once a Creator-facing adapter is written (not attempted this pass beyond Silhouette Reveal)."
GAME_IDEAS_2026_EXPANSION,game_idea,Depth Chart Pyramid Builder,Both,"depth_chart_role, position_primary",Build,Depth-Chart Pyramid,"DATA READY - sample teams only (the ~10 COMPLETE_RICH programs: Alabama, Georgia, Oklahoma, Ohio State, Oregon, Michigan, Tennessee, Texas, Texas A&M, UCLA)",DATA_ADDED,n/a,,NO,NO,PENDING_CLAUDE,"Workbook marks this DATA READY nationally; a real, buildable follow-up once a Creator-facing adapter is written (not attempted this pass beyond Silhouette Reveal)."
GAME_IDEAS_2026_EXPANSION,game_idea,QB Room Roll Call,NFL,"depth_chart_role, position_primary",Who Am I,Card Stack Progressive Clue,DATA PARTIAL - covered for some but not most P4 teams; expand before wide release,BLOCKED_MISSING_DATA,n/a,,NO,NO,PENDING_CLAUDE,Workbook marks this DATA PARTIAL (covered for some but not most P4 teams) -- insufficient breadth to clear the player-facing quality gate honestly.
GAME_IDEAS_2026_EXPANSION,game_idea,Snap Count Sort,NFL,snap_counts,Sorting,Grid Board (Tic-Tac-Toe style),DATA NOT YET SOURCED - needs a new field from DATA_FIELD_TAXONOMY ingested first,BLOCKED_MISSING_DATA,n/a,,NO,NO,PENDING_CLAUDE,Workbook itself marks this DATA NOT YET SOURCED -- no field exists to build against.
GAME_IDEAS_2026_EXPANSION,game_idea,Alumni Ladder: Full Refresh,NFL/CFB,nfl_alumni_active_roster_count,Higher/Lower,Guess Ladder,DATA READY - national (all 67 P4 teams already covered for this field),DATA_ADDED,n/a,,NO,NO,PENDING_CLAUDE,"Workbook marks this DATA READY nationally; a real, buildable follow-up once a Creator-facing adapter is written (not attempted this pass beyond Silhouette Reveal)."
GAME_IDEAS_2026_EXPANSION,game_idea,Draft Class by School,NFL/CFB,"nfl_alumni_active_roster_count, draft_year_round_pick",Sorting,Leaderboard Ticker,DATA PARTIAL - covered for some but not most P4 teams; expand before wide release,BLOCKED_MISSING_DATA,n/a,,NO,NO,PENDING_CLAUDE,Workbook marks this DATA PARTIAL (covered for some but not most P4 teams) -- insufficient breadth to clear the player-facing quality gate honestly.
GAME_IDEAS_2026_EXPANSION,game_idea,Position Pipeline Match,NFL/CFB,"nfl_alumni_active_roster_count, position_primary",Matching,Grid Board (Tic-Tac-Toe style),DATA PARTIAL - covered for some but not most P4 teams; expand before wide release,BLOCKED_MISSING_DATA,n/a,,NO,NO,PENDING_CLAUDE,Workbook marks this DATA PARTIAL (covered for some but not most P4 teams) -- insufficient breadth to clear the player-facing quality gate honestly.
GAME_IDEAS_2026_EXPANSION,game_idea,Same School Sunday,NFL/CFB,nfl_alumni_active_roster_count,Trivia,Card Stack Progressive Clue,DATA PARTIAL - covered for some but not most P4 teams; expand before wide release,BLOCKED_MISSING_DATA,n/a,,NO,NO,PENDING_CLAUDE,Workbook marks this DATA PARTIAL (covered for some but not most P4 teams) -- insufficient breadth to clear the player-facing quality gate honestly.
GAME_IDEAS_2026_EXPANSION,game_idea,Efficiency Higher/Lower,Both,box_score_by_category (derived efficiency),Higher/Lower,Guess Ladder,DATA NOT YET SOURCED - needs a new field from DATA_FIELD_TAXONOMY ingested first,BLOCKED_MISSING_DATA,n/a,,NO,NO,PENDING_CLAUDE,Workbook itself marks this DATA NOT YET SOURCED -- no field exists to build against.
GAME_IDEAS_2026_EXPANSION,game_idea,Hidden Yardage Hunt,Both,box_score_by_category,Trivia,Quiz-Show Podium,DATA NOT YET SOURCED - needs a new field from DATA_FIELD_TAXONOMY ingested first,BLOCKED_MISSING_DATA,n/a,,NO,NO,PENDING_CLAUDE,Workbook itself marks this DATA NOT YET SOURCED -- no field exists to build against.
GAME_IDEAS_2026_EXPANSION,game_idea,Grade the Game,Both,season_stat_line (derived grade),Estimation,Meter / Gauge Dial,DATA NOT YET SOURCED - needs a new field from DATA_FIELD_TAXONOMY ingested first,BLOCKED_MISSING_DATA,n/a,,NO,NO,PENDING_CLAUDE,Workbook itself marks this DATA NOT YET SOURCED -- no field exists to build against.
GAME_IDEAS_2026_EXPANSION,game_idea,Analytics Trivia Glossary,Both,n/a (glossary content),Multiple choice,Quiz-Show Podium,DATA NOT YET SOURCED - needs a new field from DATA_FIELD_TAXONOMY ingested first,BLOCKED_MISSING_DATA,n/a,,NO,NO,PENDING_CLAUDE,Workbook itself marks this DATA NOT YET SOURCED -- no field exists to build against.
GAME_IDEAS_2026_EXPANSION,game_idea,Daily Streak Calendar,Both,"n/a (engine/session data, not football data)",Streak/daily,Calendar Heatmap,DATA NOT YET SOURCED - needs a new field from DATA_FIELD_TAXONOMY ingested first,BLOCKED_MISSING_DATA,n/a,,NO,NO,PENDING_CLAUDE,Workbook itself marks this DATA NOT YET SOURCED -- no field exists to build against.
GAME_IDEAS_2026_EXPANSION,game_idea,Football Feud,Both,varies by round,Party/multiplayer,Quiz-Show Podium,DATA NOT YET SOURCED - needs a new field from DATA_FIELD_TAXONOMY ingested first,BLOCKED_MISSING_DATA,n/a,,NO,NO,PENDING_CLAUDE,Workbook itself marks this DATA NOT YET SOURCED -- no field exists to build against.
GAME_IDEAS_2026_EXPANSION,game_idea,Live Draft Night,Both,"season_stat_line, position_primary",Draft/build,Snake Draft Board,DATA NOT YET SOURCED - needs a new field from DATA_FIELD_TAXONOMY ingested first,BLOCKED_MISSING_DATA,n/a,,NO,NO,PENDING_CLAUDE,Workbook itself marks this DATA NOT YET SOURCED -- no field exists to build against.
GAME_IDEAS_2026_EXPANSION,game_idea,Badge Rush,Both,"n/a (engine/session data, not football data)",Progression/meta,Badge / Achievement Wall,DATA NOT YET SOURCED - needs a new field from DATA_FIELD_TAXONOMY ingested first,BLOCKED_MISSING_DATA,n/a,,NO,NO,PENDING_CLAUDE,Workbook itself marks this DATA NOT YET SOURCED -- no field exists to build against.
GAME_IDEAS_2026_EXPANSION,game_idea,Connections: Football Edition,Both,varies by category set,Grouping,Connections 4x4,DATA NOT YET SOURCED - needs a new field from DATA_FIELD_TAXONOMY ingested first,BLOCKED_MISSING_DATA,n/a,,NO,NO,PENDING_CLAUDE,Workbook itself marks this DATA NOT YET SOURCED -- no field exists to build against.
GAME_IDEAS_2026_EXPANSION,game_idea,Rank the Week,Both,"season_stat_line, current_season_results",Tier list,Tier-List Drag Board,DATA PARTIAL - covered for some but not most P4 teams; expand before wide release,BLOCKED_MISSING_DATA,n/a,,NO,NO,PENDING_CLAUDE,Workbook marks this DATA PARTIAL (covered for some but not most P4 teams) -- insufficient breadth to clear the player-facing quality gate honestly.
GAME_IDEAS_2026_EXPANSION,game_idea,Group Pick'em League,Both,current_season_results (schedule),Prediction/social,Weekly Pick'em Grid,DATA PARTIAL - covered for some but not most P4 teams; expand before wide release,BLOCKED_MISSING_DATA,n/a,,NO,NO,PENDING_CLAUDE,Workbook marks this DATA PARTIAL (covered for some but not most P4 teams) -- insufficient breadth to clear the player-facing quality gate honestly.
GAME_IDEAS_2026_EXPANSION,game_idea,Kicker Range Ladder,Both,season_stat_line (kicking),Higher/Lower,Guess Ladder,DATA NOT YET SOURCED - needs a new field from DATA_FIELD_TAXONOMY ingested first,BLOCKED_MISSING_DATA,n/a,,NO,NO,PENDING_CLAUDE,Workbook itself marks this DATA NOT YET SOURCED -- no field exists to build against.
GAME_IDEAS_2026_EXPANSION,game_idea,Return Man Radar,Both,"season_stat_line (returns), position_primary",Progressive clue,Card Stack Progressive Clue,DATA NOT YET SOURCED - needs a new field from DATA_FIELD_TAXONOMY ingested first,BLOCKED_MISSING_DATA,n/a,,NO,NO,PENDING_CLAUDE,Workbook itself marks this DATA NOT YET SOURCED -- no field exists to build against.
GAME_IDEAS_2026_EXPANSION,game_idea,Fake Punt or Not?,Both,scoring_plays_by_quarter,Prediction,Story Branch Cards,DATA NOT YET SOURCED - needs a new field from DATA_FIELD_TAXONOMY ingested first,BLOCKED_MISSING_DATA,n/a,,NO,NO,PENDING_CLAUDE,Workbook itself marks this DATA NOT YET SOURCED -- no field exists to build against.
GAME_IDEAS_2026_EXPANSION,game_idea,Onside Kick Odds,Both,n/a (league-wide historical rate),Estimation,Meter / Gauge Dial,DATA NOT YET SOURCED - needs a new field from DATA_FIELD_TAXONOMY ingested first,BLOCKED_MISSING_DATA,n/a,,NO,NO,PENDING_CLAUDE,Workbook itself marks this DATA NOT YET SOURCED -- no field exists to build against.
GAME_IDEAS_2026_EXPANSION,game_idea,Blocked Kick Bingo,Both,notable_records_set,Bingo/Grid,Grid Board (Tic-Tac-Toe style),DATA NOT YET SOURCED - needs a new field from DATA_FIELD_TAXONOMY ingested first,BLOCKED_MISSING_DATA,n/a,,NO,NO,PENDING_CLAUDE,Workbook itself marks this DATA NOT YET SOURCED -- no field exists to build against.
GAME_IDEAS_2026_EXPANSION,game_idea,Punter Personality Match,Both,bio_blurb,Trivia,Quiz-Show Podium,DATA NOT YET SOURCED - needs a new field from DATA_FIELD_TAXONOMY ingested first,BLOCKED_MISSING_DATA,n/a,,NO,NO,PENDING_CLAUDE,Workbook itself marks this DATA NOT YET SOURCED -- no field exists to build against.
GAME_IDEAS_2026_EXPANSION,game_idea,Hang Time Higher/Lower,Both,season_stat_line (punting),Higher/Lower,Guess Ladder,DATA NOT YET SOURCED - needs a new field from DATA_FIELD_TAXONOMY ingested first,BLOCKED_MISSING_DATA,n/a,,NO,NO,PENDING_CLAUDE,Workbook itself marks this DATA NOT YET SOURCED -- no field exists to build against.
GAME_IDEAS_2026_EXPANSION,game_idea,Availability Ladder: National,Both,injury_availability_status,Sorting,Guess Ladder,DATA READY - national (all 67 P4 teams already covered for this field),BLOCKED_MISSING_DATA,n/a,,NO,NO,PENDING_CLAUDE,"Marked DATA READY by the workbook, but the underlying field (contract_years_and_tier / transaction_history / injury_availability_status at national breadth) is not actually present in this workbook or the Engine at the claimed breadth -- verified directly, not assumed."
GAME_IDEAS_2026_EXPANSION,game_idea,Next Man Up,Both,"injury_availability_status, depth_chart_role",Matching,Two-Deep Flip Cards,DATA READY - national (all 67 P4 teams already covered for this field),BLOCKED_MISSING_DATA,n/a,,NO,NO,PENDING_CLAUDE,"Marked DATA READY by the workbook, but the underlying field (contract_years_and_tier / transaction_history / injury_availability_status at national breadth) is not actually present in this workbook or the Engine at the claimed breadth -- verified directly, not assumed."
GAME_IDEAS_2026_EXPANSION,game_idea,Return Timeline Guess,Both,injury_availability_status,Estimation,Meter / Gauge Dial,DATA NOT YET SOURCED - needs a new field from DATA_FIELD_TAXONOMY ingested first,BLOCKED_MISSING_DATA,n/a,,NO,NO,PENDING_CLAUDE,Workbook itself marks this DATA NOT YET SOURCED -- no field exists to build against.
GAME_IDEAS_2026_EXPANSION,game_idea,Iron Man Streak,Both,injury_availability_status,Trivia,Leaderboard Ticker,DATA NOT YET SOURCED - needs a new field from DATA_FIELD_TAXONOMY ingested first,BLOCKED_MISSING_DATA,n/a,,NO,NO,PENDING_CLAUDE,Workbook itself marks this DATA NOT YET SOURCED -- no field exists to build against.
GAME_IDEAS_2026_EXPANSION,game_idea,Broadcast Booth Match,Both,broadcast_network,Matching,Grid Board (Tic-Tac-Toe style),DATA NOT YET SOURCED - needs a new field from DATA_FIELD_TAXONOMY ingested first,BLOCKED_MISSING_DATA,n/a,,NO,NO,PENDING_CLAUDE,Workbook itself marks this DATA NOT YET SOURCED -- no field exists to build against.
GAME_IDEAS_2026_EXPANSION,game_idea,Prime Time Tracker,Both,"broadcast_network, current_season_results",Sorting,Leaderboard Ticker,DATA NOT YET SOURCED - needs a new field from DATA_FIELD_TAXONOMY ingested first,BLOCKED_MISSING_DATA,n/a,,NO,NO,PENDING_CLAUDE,Workbook itself marks this DATA NOT YET SOURCED -- no field exists to build against.
GAME_IDEAS_2026_EXPANSION,game_idea,Media Day Quote Match,CFB,MEDIA_DAY_ATTENDEE_FOR (existing relationship),Matching,Grid Board (Tic-Tac-Toe style),DATA READY - national (all 67 P4 teams already covered for this field),MAPPED_TO_EXISTING,Immaculate Grid (renderGridBoard/renderCfbGridBoard),,NO,NO,PENDING_CLAUDE,"GRID_BOARD-style capability already live; this idea is a real variant of it, not new capability."
GAME_IDEAS_2026_EXPANSION,game_idea,Manning-Cast Style Second Screen,Both,current_season_results (live),Trivia companion,Leaderboard Ticker,DATA NOT YET SOURCED - needs a new field from DATA_FIELD_TAXONOMY ingested first,BLOCKED_MISSING_DATA,n/a,,NO,NO,PENDING_CLAUDE,Workbook itself marks this DATA NOT YET SOURCED -- no field exists to build against.
GAME_IDEAS_2026_EXPANSION,game_idea,Weather Whiplash,Both,weather_conditions,Trivia,Quiz-Show Podium,DATA NOT YET SOURCED - needs a new field from DATA_FIELD_TAXONOMY ingested first,BLOCKED_MISSING_DATA,n/a,,NO,NO,PENDING_CLAUDE,Workbook itself marks this DATA NOT YET SOURCED -- no field exists to build against.
GAME_IDEAS_2026_EXPANSION,game_idea,Dome vs. Outdoor Split,Both,stadium_surface_and_opened_year,Sorting,Grid Board (Tic-Tac-Toe style),DATA NOT YET SOURCED - needs a new field from DATA_FIELD_TAXONOMY ingested first,BLOCKED_MISSING_DATA,n/a,,NO,NO,PENDING_CLAUDE,Workbook itself marks this DATA NOT YET SOURCED -- no field exists to build against.
GAME_IDEAS_2026_EXPANSION,game_idea,Cold Weather Warriors,NFL,"weather_conditions, current_season_results",Trivia,Leaderboard Ticker,DATA NOT YET SOURCED - needs a new field from DATA_FIELD_TAXONOMY ingested first,BLOCKED_MISSING_DATA,n/a,,NO,NO,PENDING_CLAUDE,Workbook itself marks this DATA NOT YET SOURCED -- no field exists to build against.
GAME_IDEAS_2026_EXPANSION,game_idea,Decade Draft,Both,"career_program_records, championship_history",Draft/build,Roster Board / List Builder,DATA NOT YET SOURCED - needs a new field from DATA_FIELD_TAXONOMY ingested first,BLOCKED_MISSING_DATA,n/a,,NO,NO,PENDING_CLAUDE,Workbook itself marks this DATA NOT YET SOURCED -- no field exists to build against.
GAME_IDEAS_2026_EXPANSION,game_idea,Then vs. Now,Both,"career_program_records, season_stat_line",Higher/Lower,Head-to-Head Split Screen,DATA NOT YET SOURCED - needs a new field from DATA_FIELD_TAXONOMY ingested first,BLOCKED_MISSING_DATA,n/a,,NO,NO,PENDING_CLAUDE,Workbook itself marks this DATA NOT YET SOURCED -- no field exists to build against.
GAME_IDEAS_2026_EXPANSION,game_idea,Uniform Time Machine,Both,uniform_eras_and_alternates,Timeline,Timeline Ribbon,DATA NOT YET SOURCED - needs a new field from DATA_FIELD_TAXONOMY ingested first,BLOCKED_MISSING_DATA,n/a,,NO,NO,PENDING_CLAUDE,Workbook itself marks this DATA NOT YET SOURCED -- no field exists to build against.
GAME_IDEAS_2026_EXPANSION,game_idea,Retired Legends Ladder,Both,notable_alumni_non_player,Trivia,Guess Ladder,DATA NOT YET SOURCED - needs a new field from DATA_FIELD_TAXONOMY ingested first,BLOCKED_MISSING_DATA,n/a,,NO,NO,PENDING_CLAUDE,Workbook itself marks this DATA NOT YET SOURCED -- no field exists to build against.
GAME_IDEAS_2026_EXPANSION,game_idea,Fourth and Guts,Both,n/a (situational analytics model),Decision-sim,Story Branch Cards,DATA NOT YET SOURCED - needs a new field from DATA_FIELD_TAXONOMY ingested first,BLOCKED_MISSING_DATA,n/a,,NO,NO,PENDING_CLAUDE,Workbook itself marks this DATA NOT YET SOURCED -- no field exists to build against.
GAME_IDEAS_2026_EXPANSION,game_idea,Two-Minute Drill GM,Both,"position_primary, depth_chart_role",Decision-sim,Story Branch Cards,DATA NOT YET SOURCED - needs a new field from DATA_FIELD_TAXONOMY ingested first,BLOCKED_MISSING_DATA,n/a,,NO,NO,PENDING_CLAUDE,Workbook itself marks this DATA NOT YET SOURCED -- no field exists to build against.
GAME_IDEAS_2026_EXPANSION,game_idea,Free Agency Frenzy,NFL,"salary_cap_space_public, transaction_history",Budget/build,Cap Space Budget Bar,DATA READY - national (all 67 P4 teams already covered for this field),DATA_ADDED,n/a,,NO,NO,PENDING_CLAUDE,"Workbook marks this DATA READY nationally; a real, buildable follow-up once a Creator-facing adapter is written (not attempted this pass beyond Silhouette Reveal)."
GAME_IDEAS_2026_EXPANSION,game_idea,Challenge Flag Call,Both,notable_records_set,Decision-sim,Story Branch Cards,DATA NOT YET SOURCED - needs a new field from DATA_FIELD_TAXONOMY ingested first,BLOCKED_MISSING_DATA,n/a,,NO,NO,PENDING_CLAUDE,Workbook itself marks this DATA NOT YET SOURCED -- no field exists to build against.
GAME_IDEAS_2026_EXPANSION,game_idea,Start or Sit Duel,Both,"season_stat_line, injury_availability_status",Higher/Lower,Head-to-Head Split Screen,DATA NOT YET SOURCED - needs a new field from DATA_FIELD_TAXONOMY ingested first,BLOCKED_MISSING_DATA,n/a,,NO,NO,PENDING_CLAUDE,Workbook itself marks this DATA NOT YET SOURCED -- no field exists to build against.
GAME_IDEAS_2026_EXPANSION,game_idea,Waiver Wire Wizard,NFL,"season_stat_line, depth_chart_role",Trivia,Quiz-Show Podium,DATA NOT YET SOURCED - needs a new field from DATA_FIELD_TAXONOMY ingested first,BLOCKED_MISSING_DATA,n/a,,NO,NO,PENDING_CLAUDE,Workbook itself marks this DATA NOT YET SOURCED -- no field exists to build against.
GAME_IDEAS_2026_EXPANSION,game_idea,Bye Week Planner,NFL,current_season_results (schedule),Sorting,Calendar Heatmap,DATA PARTIAL - covered for some but not most P4 teams; expand before wide release,BLOCKED_MISSING_DATA,n/a,,NO,NO,PENDING_CLAUDE,Workbook marks this DATA PARTIAL (covered for some but not most P4 teams) -- insufficient breadth to clear the player-facing quality gate honestly.
GAME_IDEAS_2026_EXPANSION,game_idea,Sleeper Spotter,Both,"season_stat_line, depth_chart_role",Progressive clue,Card Stack Progressive Clue,DATA NOT YET SOURCED - needs a new field from DATA_FIELD_TAXONOMY ingested first,BLOCKED_MISSING_DATA,n/a,,NO,NO,PENDING_CLAUDE,Workbook itself marks this DATA NOT YET SOURCED -- no field exists to build against.
GAME_IDEAS_2026_EXPANSION,game_idea,Cover or Not (Historical),Both,"closing_line_public_odds, final_score_and_result",Trivia,Quiz-Show Podium,DATA NOT YET SOURCED - needs a new field from DATA_FIELD_TAXONOMY ingested first,BLOCKED_MISSING_DATA,n/a,,NO,NO,PENDING_CLAUDE,Workbook itself marks this DATA NOT YET SOURCED -- no field exists to build against.
GAME_IDEAS_2026_EXPANSION,game_idea,Biggest Historical Upsets,Both,"closing_line_public_odds, final_score_and_result",Sorting,Leaderboard Ticker,DATA NOT YET SOURCED - needs a new field from DATA_FIELD_TAXONOMY ingested first,BLOCKED_MISSING_DATA,n/a,,NO,NO,PENDING_CLAUDE,Workbook itself marks this DATA NOT YET SOURCED -- no field exists to build against.
GAME_IDEAS_2026_EXPANSION,game_idea,SEC Supremacy Grid,CFB,"team, position_primary, coordinators_current",Grid,Grid Board (Tic-Tac-Toe style),"DATA READY - sample teams only (the ~10 COMPLETE_RICH programs: Alabama, Georgia, Oklahoma, Ohio State, Oregon, Michigan, Tennessee, Texas, Texas A&M, UCLA)",MAPPED_TO_EXISTING,Immaculate Grid (renderGridBoard/renderCfbGridBoard),,NO,NO,PENDING_CLAUDE,"GRID_BOARD-style capability already live; this idea is a real variant of it, not new capability."
GAME_IDEAS_2026_EXPANSION,game_idea,State Pride Showdown,CFB,"current_season_results, all_time_record",Higher/Lower,Head-to-Head Split Screen,DATA PARTIAL - covered for some but not most P4 teams; expand before wide release,BLOCKED_MISSING_DATA,n/a,,NO,NO,PENDING_CLAUDE,Workbook marks this DATA PARTIAL (covered for some but not most P4 teams) -- insufficient breadth to clear the player-facing quality gate honestly.
GAME_IDEAS_2026_EXPANSION,game_idea,Local Radio Trivia Hour,Both,varies by round,Party/live,Quiz-Show Podium,"DATA READY - sample teams only (the ~10 COMPLETE_RICH programs: Alabama, Georgia, Oklahoma, Ohio State, Oregon, Michigan, Tennessee, Texas, Texas A&M, UCLA)",DATA_ADDED,n/a,,NO,NO,PENDING_CLAUDE,"Workbook marks this DATA READY nationally; a real, buildable follow-up once a Creator-facing adapter is written (not attempted this pass beyond Silhouette Reveal)."
GAME_IDEAS_2026_EXPANSION,game_idea,Coverage Gap Finder,Admin,TEAM_UNIVERSE_LEDGER status columns,Admin QA,Leaderboard Ticker,DATA READY - national (all 67 P4 teams already covered for this field),NOT_A_GAME,Admin tooling,,NO,NO,PENDING_CLAUDE,"Internal Creator/QA tooling, not a player-facing game."
GAME_IDEAS_2026_EXPANSION,game_idea,Duplicate Relationship Auditor,Admin,"duplicate_key, ingestion_status",Admin QA,Box Score Reveal Sheet,DATA READY - national (all 67 P4 teams already covered for this field),NOT_A_GAME,Admin tooling,,NO,NO,PENDING_CLAUDE,"Internal Creator/QA tooling, not a player-facing game."
GAME_IDEAS_2026_EXPANSION,game_idea,Stale Data Sweep,Admin,"season, date_or_week",Admin QA,Calendar Heatmap,DATA READY - national (all 67 P4 teams already covered for this field),NOT_A_GAME,Admin tooling,,NO,NO,PENDING_CLAUDE,"Internal Creator/QA tooling, not a player-facing game."
GAME_IDEAS_2026_EXPANSION,game_idea,College vs. Pro Duel,NFL/CFB,season_stat_line (both eras),Higher/Lower,Head-to-Head Split Screen,DATA NOT YET SOURCED - needs a new field from DATA_FIELD_TAXONOMY ingested first,BLOCKED_MISSING_DATA,n/a,,NO,NO,PENDING_CLAUDE,Workbook itself marks this DATA NOT YET SOURCED -- no field exists to build against.
GAME_IDEAS_2026_EXPANSION,game_idea,Bigger Stage Guess,NFL/CFB,"career_program_records, career_stat_totals",Trivia,Quiz-Show Podium,DATA NOT YET SOURCED - needs a new field from DATA_FIELD_TAXONOMY ingested first,BLOCKED_MISSING_DATA,n/a,,NO,NO,PENDING_CLAUDE,Workbook itself marks this DATA NOT YET SOURCED -- no field exists to build against.
GAME_IDEAS_2026_EXPANSION,game_idea,"Same Name, Different Level",NFL/CFB,full_name,Matching,Grid Board (Tic-Tac-Toe style),DATA NOT YET SOURCED - needs a new field from DATA_FIELD_TAXONOMY ingested first,BLOCKED_MISSING_DATA,n/a,,NO,NO,PENDING_CLAUDE,Workbook itself marks this DATA NOT YET SOURCED -- no field exists to build against.
GAME_IDEAS_2026_EXPANSION,game_idea,Parity Tracker,NFL/CFB,TEAM_UNIVERSE_LEDGER coverage counts,Trivia,Leaderboard Ticker,DATA READY - national (all 67 P4 teams already covered for this field),DATA_ADDED,n/a,,NO,NO,PENDING_CLAUDE,"Workbook marks this DATA READY nationally; a real, buildable follow-up once a Creator-facing adapter is written (not attempted this pass beyond Silhouette Reveal)."
GAME_IDEAS_2026_EXPANSION,game_idea,Draft Day Deja Vu,NFL/CFB,"season_stat_line, draft_year_round_pick",Trivia,Card Stack Progressive Clue,DATA NOT YET SOURCED - needs a new field from DATA_FIELD_TAXONOMY ingested first,BLOCKED_MISSING_DATA,n/a,,NO,NO,PENDING_CLAUDE,Workbook itself marks this DATA NOT YET SOURCED -- no field exists to build against.
GAME_IDEAS_2026_EXPANSION,game_idea,Coach Crossover,NFL/CFB,previous_stops,Trivia,Quiz-Show Podium,DATA NOT YET SOURCED - needs a new field from DATA_FIELD_TAXONOMY ingested first,BLOCKED_MISSING_DATA,n/a,,NO,NO,PENDING_CLAUDE,Workbook itself marks this DATA NOT YET SOURCED -- no field exists to build against.
GAME_IDEAS_2026_EXPANSION,game_idea,CFP Bracket Predictor,CFB,"preseason_ap_rank, current_season_results",Bracket/prediction,Bracket Tree,DATA PARTIAL - covered for some but not most P4 teams; expand before wide release,BLOCKED_MISSING_DATA,n/a,,NO,NO,PENDING_CLAUDE,Workbook marks this DATA PARTIAL (covered for some but not most P4 teams) -- insufficient breadth to clear the player-facing quality gate honestly.
GAME_IDEAS_2026_EXPANSION,game_idea,Bowl Matchup Grid,CFB,bowl_or_playoff_history,Matching,Weekly Pick'em Grid,DATA NOT YET SOURCED - needs a new field from DATA_FIELD_TAXONOMY ingested first,BLOCKED_MISSING_DATA,n/a,,NO,NO,PENDING_CLAUDE,Workbook itself marks this DATA NOT YET SOURCED -- no field exists to build against.
GAME_IDEAS_2026_EXPANSION,game_idea,Playoff Seeding Simulator,Both,"current_season_results, preseason_ap_rank",Decision-sim,Bracket Tree,DATA PARTIAL - covered for some but not most P4 teams; expand before wide release,BLOCKED_MISSING_DATA,n/a,,NO,NO,PENDING_CLAUDE,Workbook marks this DATA PARTIAL (covered for some but not most P4 teams) -- insufficient breadth to clear the player-facing quality gate honestly.
GAME_IDEAS_2026_EXPANSION,game_idea,Super Bowl Path Tracker,NFL,playoff_seed_and_bracket_history,Bracket,Bracket Tree,DATA NOT YET SOURCED - needs a new field from DATA_FIELD_TAXONOMY ingested first,BLOCKED_MISSING_DATA,n/a,,NO,NO,PENDING_CLAUDE,Workbook itself marks this DATA NOT YET SOURCED -- no field exists to build against.
GAME_IDEAS_2026_EXPANSION,game_idea,Bowl Game History Ladder,CFB,bowl_or_playoff_history,Trivia,Guess Ladder,DATA NOT YET SOURCED - needs a new field from DATA_FIELD_TAXONOMY ingested first,BLOCKED_MISSING_DATA,n/a,,NO,NO,PENDING_CLAUDE,Workbook itself marks this DATA NOT YET SOURCED -- no field exists to build against.
GAME_IDEAS_2026_EXPANSION,game_idea,Championship Week Gauntlet,CFB,"current_season_results, conference_and_division",Rapid fire,Quiz-Show Podium,DATA PARTIAL - covered for some but not most P4 teams; expand before wide release,BLOCKED_MISSING_DATA,n/a,,NO,NO,PENDING_CLAUDE,Workbook marks this DATA PARTIAL (covered for some but not most P4 teams) -- insufficient breadth to clear the player-facing quality gate honestly.
GAME_IDEAS_2026_EXPANSION,game_idea,Share Your Streak,Both,n/a (session/engine data),Social share,Calendar Heatmap,DATA NOT YET SOURCED - needs a new field from DATA_FIELD_TAXONOMY ingested first,BLOCKED_MISSING_DATA,n/a,,NO,NO,PENDING_CLAUDE,Workbook itself marks this DATA NOT YET SOURCED -- no field exists to build against.
GAME_IDEAS_2026_EXPANSION,game_idea,Fan Poll of the Week,Both,n/a (community-generated content),Voting,Tier-List Drag Board,DATA NOT YET SOURCED - needs a new field from DATA_FIELD_TAXONOMY ingested first,BLOCKED_MISSING_DATA,n/a,,NO,NO,PENDING_CLAUDE,Workbook itself marks this DATA NOT YET SOURCED -- no field exists to build against.
GAME_IDEAS_2026_EXPANSION,game_idea,Prediction Bragging Rights,Both,n/a (session/engine data),Leaderboard/social,Leaderboard Ticker,DATA NOT YET SOURCED - needs a new field from DATA_FIELD_TAXONOMY ingested first,BLOCKED_MISSING_DATA,n/a,,NO,NO,PENDING_CLAUDE,Workbook itself marks this DATA NOT YET SOURCED -- no field exists to build against.
GAME_IDEAS_2026_EXPANSION,game_idea,Caption This Play,Both,n/a (community-generated content),UGC/social,Story Branch Cards,DATA NOT YET SOURCED - needs a new field from DATA_FIELD_TAXONOMY ingested first,BLOCKED_MISSING_DATA,n/a,,NO,NO,PENDING_CLAUDE,Workbook itself marks this DATA NOT YET SOURCED -- no field exists to build against.
GAME_IDEAS_2026_EXPANSION,game_idea,Rate the Take,Both,n/a (community-generated content),Voting,Quiz-Show Podium,DATA NOT YET SOURCED - needs a new field from DATA_FIELD_TAXONOMY ingested first,BLOCKED_MISSING_DATA,n/a,,NO,NO,PENDING_CLAUDE,Workbook itself marks this DATA NOT YET SOURCED -- no field exists to build against.
GAME_IDEAS_2026_EXPANSION,game_idea,Referral Rivalry,Both,n/a (engine/growth data),Social/growth,Leaderboard Ticker,DATA NOT YET SOURCED - needs a new field from DATA_FIELD_TAXONOMY ingested first,BLOCKED_MISSING_DATA,n/a,,NO,NO,PENDING_CLAUDE,Workbook itself marks this DATA NOT YET SOURCED -- no field exists to build against.
GAME_IDEAS_2026_EXPANSION,game_idea,Rookie Mode,Both,n/a (meta-layer over existing modes),Difficulty variant,n/a (applies to any layout),DATA READY - national (all 67 P4 teams already covered for this field),NOT_A_GAME,Cross-mode UI/UX layer (not Engine/Creator work),,NO,NO,PENDING_CLAUDE,"Meta-layer over existing modes per the workbook's own data_needed field -- a UI feature, not a distinct playable game."
GAME_IDEAS_2026_EXPANSION,game_idea,Veteran Mode,Both,n/a (meta-layer over existing modes),Difficulty variant,n/a (applies to any layout),DATA READY - national (all 67 P4 teams already covered for this field),NOT_A_GAME,Cross-mode UI/UX layer (not Engine/Creator work),,NO,NO,PENDING_CLAUDE,"Meta-layer over existing modes per the workbook's own data_needed field -- a UI feature, not a distinct playable game."
GAME_IDEAS_2026_EXPANSION,game_idea,Colorblind-Safe Mode,Both,n/a (meta-layer over existing modes),Accessibility variant,n/a (applies to any layout),DATA READY - national (all 67 P4 teams already covered for this field),NOT_A_GAME,Cross-mode UI/UX layer (not Engine/Creator work),,NO,NO,PENDING_CLAUDE,"Meta-layer over existing modes per the workbook's own data_needed field -- a UI feature, not a distinct playable game."
GAME_IDEAS_2026_EXPANSION,game_idea,One-Handed Mode,Both,n/a (meta-layer over existing modes),Accessibility variant,n/a (applies to any layout),DATA READY - national (all 67 P4 teams already covered for this field),NOT_A_GAME,Cross-mode UI/UX layer (not Engine/Creator work),,NO,NO,PENDING_CLAUDE,"Meta-layer over existing modes per the workbook's own data_needed field -- a UI feature, not a distinct playable game."
GAME_IDEAS_2026_EXPANSION,game_idea,Quick Play Shortcut,Both,n/a (meta-layer over existing modes),Entry-point variant,n/a (applies to any layout),DATA READY - national (all 67 P4 teams already covered for this field),NOT_A_GAME,Cross-mode UI/UX layer (not Engine/Creator work),,NO,NO,PENDING_CLAUDE,"Meta-layer over existing modes per the workbook's own data_needed field -- a UI feature, not a distinct playable game."
GAME_IDEAS_2026_EXPANSION,game_idea,Jersey Sales Guess,Both,bio_blurb (popularity signal),Estimation,Meter / Gauge Dial,DATA NOT YET SOURCED - needs a new field from DATA_FIELD_TAXONOMY ingested first,BLOCKED_MISSING_DATA,n/a,,NO,NO,PENDING_CLAUDE,Workbook itself marks this DATA NOT YET SOURCED -- no field exists to build against.
GAME_IDEAS_2026_EXPANSION,game_idea,Logo Evolution Sort,Both,uniform_eras_and_alternates,Sorting,Timeline Ribbon,DATA NOT YET SOURCED - needs a new field from DATA_FIELD_TAXONOMY ingested first,BLOCKED_MISSING_DATA,n/a,,NO,NO,PENDING_CLAUDE,Workbook itself marks this DATA NOT YET SOURCED -- no field exists to build against.
GAME_IDEAS_2026_EXPANSION,game_idea,Hype Song Match,Both,bio_blurb,Matching,Grid Board (Tic-Tac-Toe style),DATA NOT YET SOURCED - needs a new field from DATA_FIELD_TAXONOMY ingested first,BLOCKED_MISSING_DATA,n/a,,NO,NO,PENDING_CLAUDE,Workbook itself marks this DATA NOT YET SOURCED -- no field exists to build against.
GAME_IDEAS_2026_EXPANSION,game_idea,Mascot Costume Trivia,Both,notable_traditions_list,Trivia,Quiz-Show Podium,DATA NOT YET SOURCED - needs a new field from DATA_FIELD_TAXONOMY ingested first,BLOCKED_MISSING_DATA,n/a,,NO,NO,PENDING_CLAUDE,Workbook itself marks this DATA NOT YET SOURCED -- no field exists to build against.
GAME_IDEAS_2026_EXPANSION,game_idea,International Series Tracker,NFL,"current_season_results (venue), venue location",Trivia,Map Overlay,DATA NOT YET SOURCED - needs a new field from DATA_FIELD_TAXONOMY ingested first,BLOCKED_MISSING_DATA,n/a,,NO,NO,PENDING_CLAUDE,Workbook itself marks this DATA NOT YET SOURCED -- no field exists to build against.
GAME_IDEAS_2026_EXPANSION,game_idea,Global Fanbase Map,Both,"n/a (public reporting, not roster data)",Map/Geography,Map Overlay,DATA NOT YET SOURCED - needs a new field from DATA_FIELD_TAXONOMY ingested first,BLOCKED_MISSING_DATA,n/a,,NO,NO,PENDING_CLAUDE,Workbook itself marks this DATA NOT YET SOURCED -- no field exists to build against.
GAME_IDEAS_2026_EXPANSION,game_idea,Path from Abroad,Both,"hometown_city_state, bio_blurb",Progressive clue,Card Stack Progressive Clue,DATA NOT YET SOURCED - needs a new field from DATA_FIELD_TAXONOMY ingested first,BLOCKED_MISSING_DATA,n/a,,NO,NO,PENDING_CLAUDE,Workbook itself marks this DATA NOT YET SOURCED -- no field exists to build against.
GAME_IDEAS_2026_EXPANSION,game_idea,NFL Academy Alumni Watch,NFL,bio_blurb,Trivia,Leaderboard Ticker,DATA NOT YET SOURCED - needs a new field from DATA_FIELD_TAXONOMY ingested first,BLOCKED_MISSING_DATA,n/a,,NO,NO,PENDING_CLAUDE,Workbook itself marks this DATA NOT YET SOURCED -- no field exists to build against.
GAME_IDEAS,game_idea,Portal Path,CFB,PREVIOUS_COLLEGE + POSITION + HOMETOWN + JERSEY,Progressive clue,,SUPPORTED_FOR_OREGON,DATA_ADDED,n/a,,NO,NO,PENDING_CLAUDE,"This idea's named team (Oregon) is one of the 8 real 2026 rosters this pass ingested (tools/data_refresh/cfb_2026_roster_workbook_import.py) -- real feasibility improvement (fresh 2026 season data now exists), but no bespoke adapter was built for this specific idea beyond the general Silhouette-Reveal-style capability."
GAME_IDEAS,game_idea,Same Number Showdown,CFB,TEAM+SEASON+JERSEY→PLAYERS + POSITION,Matching,,SUPPORTED_FOR_OREGON/TEXAS,BLOCKED_MISSING_DATA,n/a,,NO,NO,PENDING_CLAUDE,No team/data-family in this idea matches this pass's real 8-team roster ingestion; not built or data-supported this pass.
GAME_IDEAS,game_idea,Coordinator Carousel,CFB,TEAM+SEASON→OC/DC,Matching,,SUPPORTED_FOR_4_TEAMS,BLOCKED_MISSING_DATA,n/a,,NO,NO,PENDING_CLAUDE,No team/data-family in this idea matches this pass's real 8-team roster ingestion; not built or data-supported this pass.
GAME_IDEAS,game_idea,Who Changed Positions?,CFB,PLAYER + DATE → POSITION_CHANGE,Current-events guess,,SAMPLE_SUPPORTED,DATA_ADDED,n/a,,NO,NO,PENDING_CLAUDE,"This idea's named team (Texas) is one of the 8 real 2026 rosters this pass ingested (tools/data_refresh/cfb_2026_roster_workbook_import.py) -- real feasibility improvement (fresh 2026 season data now exists), but no bespoke adapter was built for this specific idea beyond the general Silhouette-Reveal-style capability."
GAME_IDEAS,game_idea,QB1 Wire,CFB,TEAM+SEASON→STARTING_QB,Current-events matching,,SUPPORTED_FOR_BATCH,BLOCKED_MISSING_DATA,n/a,,NO,NO,PENDING_CLAUDE,No team/data-family in this idea matches this pass's real 8-team roster ingestion; not built or data-supported this pass.
GAME_IDEAS,game_idea,Roster Geography,CFB,PLAYER↔HOMETOWN/POSITION/JERSEY,Progressive clue,,SUPPORTED_FOR_2_TEAMS,BLOCKED_MISSING_DATA,n/a,,NO,NO,PENDING_CLAUDE,No team/data-family in this idea matches this pass's real 8-team roster ingestion; not built or data-supported this pass.
GAME_IDEAS,game_idea,Transfer State Hop,CFB,PLAYER↔PREVIOUS_COLLEGE,Sorting,,PARTIAL,DATA_ADDED,n/a,,NO,NO,PENDING_CLAUDE,"This idea's named team (Oregon) is one of the 8 real 2026 rosters this pass ingested (tools/data_refresh/cfb_2026_roster_workbook_import.py) -- real feasibility improvement (fresh 2026 season data now exists), but no bespoke adapter was built for this specific idea beyond the general Silhouette-Reveal-style capability."
GAME_IDEAS,game_idea,Cut or Keep?,NFL,PLAYER+DATE→ROSTER_MOVE,Elimination,,SUPPORTED_FOR_BATCH,BLOCKED_MISSING_DATA,n/a,,NO,NO,PENDING_CLAUDE,NFL transaction/injury/depth-chart data at the breadth this idea needs isn't in this workbook -- its own README says NFL coverage today is alumni-bridge + occasional deltas only.
GAME_IDEAS,game_idea,Availability Ladder,NFL,PLAYER→AVAILABILITY_STATUS,Sorting,,EARLY,BLOCKED_MISSING_DATA,n/a,,NO,NO,PENDING_CLAUDE,NFL transaction/injury/depth-chart data at the breadth this idea needs isn't in this workbook -- its own README says NFL coverage today is alumni-bridge + occasional deltas only.
GAME_IDEAS,game_idea,"New Home, One Pick",NFL,PLAYER+TRADE_DATE→TEAM + COMPENSATION,Multiple choice,,SAMPLE_SUPPORTED,BLOCKED_MISSING_DATA,n/a,,NO,NO,PENDING_CLAUDE,NFL transaction/injury/depth-chart data at the breadth this idea needs isn't in this workbook -- its own README says NFL coverage today is alumni-bridge + occasional deltas only.
GAME_IDEAS,game_idea,Bruin Transfer Trail,CFB,PLAYER→PREVIOUS_COLLEGE+HOMETOWN+JERSEY+POSITION,Progressive clue,,Strong,DATA_ADDED,n/a,,NO,NO,PENDING_CLAUDE,"This idea's named team (UCLA) is one of the 8 real 2026 rosters this pass ingested (tools/data_refresh/cfb_2026_roster_workbook_import.py) -- real feasibility improvement (fresh 2026 season data now exists), but no bespoke adapter was built for this specific idea beyond the general Silhouette-Reveal-style capability."
GAME_IDEAS,game_idea,LA Depth Chart Duel,CFB,PLAYER→DEPTH_CHART_POSITION+ORDER,Matching,,Strong,DATA_ADDED,n/a,,NO,NO,PENDING_CLAUDE,"This idea's named team (USC) is one of the 8 real 2026 rosters this pass ingested (tools/data_refresh/cfb_2026_roster_workbook_import.py) -- real feasibility improvement (fresh 2026 season data now exists), but no bespoke adapter was built for this specific idea beyond the general Silhouette-Reveal-style capability."
GAME_IDEAS,game_idea,Starter or Backup?,CFB,PLAYER→DEPTH_CHART_ORDER,Binary,,Strong,DATA_ADDED,n/a,,NO,NO,PENDING_CLAUDE,"This idea's named team (USC) is one of the 8 real 2026 rosters this pass ingested (tools/data_refresh/cfb_2026_roster_workbook_import.py) -- real feasibility improvement (fresh 2026 season data now exists), but no bespoke adapter was built for this specific idea beyond the general Silhouette-Reveal-style capability."
GAME_IDEAS,game_idea,"Same Number, Different Bruin",CFB,TEAM+JERSEY→PLAYER+POSITION,Matching,,Strong,DATA_ADDED,n/a,,NO,NO,PENDING_CLAUDE,"This idea's named team (UCLA) is one of the 8 real 2026 rosters this pass ingested (tools/data_refresh/cfb_2026_roster_workbook_import.py) -- real feasibility improvement (fresh 2026 season data now exists), but no bespoke adapter was built for this specific idea beyond the general Silhouette-Reveal-style capability."
GAME_IDEAS,game_idea,Portal Pipeline,CFB,CURRENT_TEAM+PREVIOUS_COLLEGE→PLAYER,Grouping,,Strong,DATA_ADDED,n/a,,NO,NO,PENDING_CLAUDE,"This idea's named team (UCLA) is one of the 8 real 2026 rosters this pass ingested (tools/data_refresh/cfb_2026_roster_workbook_import.py) -- real feasibility improvement (fresh 2026 season data now exists), but no bespoke adapter was built for this specific idea beyond the general Silhouette-Reveal-style capability."
GAME_IDEAS,game_idea,Cutdown Carnage,NFL,PLAYER+DATE→ROSTER_CUT_BY / MADE_INITIAL_53,Elimination,,Strong,BLOCKED_MISSING_DATA,n/a,,NO,NO,PENDING_CLAUDE,NFL transaction/injury/depth-chart data at the breadth this idea needs isn't in this workbook -- its own README says NFL coverage today is alumni-bridge + occasional deltas only.
GAME_IDEAS,game_idea,"IR, PUP or Cut?",NFL,PLAYER→IR/PUP/NFI/CUT_STATUS,Sorting,,Strong,BLOCKED_MISSING_DATA,n/a,,NO,NO,PENDING_CLAUDE,NFL transaction/injury/depth-chart data at the breadth this idea needs isn't in this workbook -- its own README says NFL coverage today is alumni-bridge + occasional deltas only.
GAME_IDEAS,game_idea,Trade Deadline Board,NFL,PLAYER+DATE→TRADED_TO,Matching,,Strong,BLOCKED_MISSING_DATA,n/a,,NO,NO,PENDING_CLAUDE,NFL transaction/injury/depth-chart data at the breadth this idea needs isn't in this workbook -- its own README says NFL coverage today is alumni-bridge + occasional deltas only.
GAME_IDEAS,game_idea,Four-QB Room,NFL,TEAM→MADE_INITIAL_53(QB),Who Am I,,Sample-ready,BLOCKED_MISSING_DATA,n/a,,NO,NO,PENDING_CLAUDE,No team/data-family in this idea matches this pass's real 8-team roster ingestion; not built or data-supported this pass.
GAME_IDEAS,game_idea,Coordinator Résumé,CFB,COACH+SEASON→UNIT_STATS,Higher/Lower,,Sample-ready,BLOCKED_MISSING_DATA,n/a,,NO,NO,PENDING_CLAUDE,No team/data-family in this idea matches this pass's real 8-team roster ingestion; not built or data-supported this pass.
GAME_IDEAS,game_idea,Measurements Only,CFB,HEIGHT+WEIGHT+POSITION+PREVIOUS_COLLEGE→PLAYER,Who Am I,,Strong,DATA_ADDED,n/a,,NO,NO,PENDING_CLAUDE,"This idea's named team (UCLA) is one of the 8 real 2026 rosters this pass ingested (tools/data_refresh/cfb_2026_roster_workbook_import.py) -- real feasibility improvement (fresh 2026 season data now exists), but no bespoke adapter was built for this specific idea beyond the general Silhouette-Reveal-style capability."
GAME_IDEAS,game_idea,Roster Move Timeline,NFL,PLAYER+DATE→TRANSACTION_TYPE,Sorting,,Strong current sample,BLOCKED_MISSING_DATA,n/a,,NO,NO,PENDING_CLAUDE,NFL transaction/injury/depth-chart data at the breadth this idea needs isn't in this workbook -- its own README says NFL coverage today is alumni-bridge + occasional deltas only.
GAME_IDEAS,game_idea,Week 1 Opponent Blitz,,TEAM→SCHEDULED_OPPONENT,Rapid fire,,,BLOCKED_MISSING_DATA,n/a,,NO,NO,PENDING_CLAUDE,"Needs 2026 season results/rankings at real breadth; workbook's real Week 1 coverage is 38 of 67 Power 4 teams, not a full national set, and this specific idea was not built this pass."
GAME_IDEAS,game_idea,Conference Membership Grid,,TEAM→CONFERENCE_MEMBER_OF,Grid,,,BLOCKED_MISSING_DATA,n/a,,NO,NO,PENDING_CLAUDE,"Needs 2026 season results/rankings at real breadth; workbook's real Week 1 coverage is 38 of 67 Power 4 teams, not a full national set, and this specific idea was not built this pass."
GAME_IDEAS,game_idea,Transfer Journey,,PREVIOUS_COLLEGE+TRANSFERRED_TO,Timeline,,,BLOCKED_MISSING_DATA,n/a,,NO,NO,PENDING_CLAUDE,No team/data-family in this idea matches this pass's real 8-team roster ingestion; not built or data-supported this pass.
GAME_IDEAS,game_idea,Coordinator Staff Tree,,STAFF_ROLE_FOR,Matching,,,BLOCKED_MISSING_DATA,n/a,,NO,NO,PENDING_CLAUDE,No team/data-family in this idea matches this pass's real 8-team roster ingestion; not built or data-supported this pass.
GAME_IDEAS,game_idea,Practice Squad Shuffle,,SIGNED_TO_PRACTICE_SQUAD,Matching,,,BLOCKED_MISSING_DATA,n/a,,NO,NO,PENDING_CLAUDE,No team/data-family in this idea matches this pass's real 8-team roster ingestion; not built or data-supported this pass.
GAME_IDEAS,game_idea,AP Rank Ladder,,AP_PRESEASON_RANK,Ordering,,,BLOCKED_MISSING_DATA,n/a,,NO,NO,PENDING_CLAUDE,"Needs 2026 season results/rankings at real breadth; workbook's real Week 1 coverage is 38 of 67 Power 4 teams, not a full national set, and this specific idea was not built this pass."
GAME_IDEAS,game_idea,Badger Roster Grid,,ROSTERED_BY + PLAYS_POSITION + JERSEY,Grid,,STRONG,MAPPED_TO_EXISTING,Immaculate Grid (renderGridBoard/renderCfbGridBoard),,NO,NO,PENDING_CLAUDE,Grid-style team/position intersection capability already live; this named variant is not a distinct new game.
GAME_IDEAS,game_idea,Razorback Alumni Bridge,,COLLEGE_HISTORY + NFL_ROSTERED_BY,Matching,,SAMPLE_READY,BLOCKED_MISSING_DATA,n/a,,NO,NO,PENDING_CLAUDE,No team/data-family in this idea matches this pass's real 8-team roster ingestion; not built or data-supported this pass.
GAME_IDEAS,game_idea,Bearcat Staff Match,,STAFF_ROLE_FOR,Matching,,STRONG,BLOCKED_MISSING_DATA,n/a,,NO,NO,PENDING_CLAUDE,No team/data-family in this idea matches this pass's real 8-team roster ingestion; not built or data-supported this pass.
GAME_IDEAS,game_idea,Power 4 Completion Boss,,POWER4_COVERAGE,Admin QA,,STRONG,NOT_A_GAME,Admin tooling,,NO,NO,PENDING_CLAUDE,"Internal coverage-tracking tooling, not a player-facing game."
GAME_IDEAS,game_idea,Week 1 Box Leader,,PLAYER_GAME_STATS,Higher/Lower,,BLOCKED UNTIL RESULTS,BLOCKED_MISSING_DATA,n/a,,NO,NO,PENDING_CLAUDE,"Needs 2026 season results/rankings at real breadth; workbook's real Week 1 coverage is 38 of 67 Power 4 teams, not a full national set, and this specific idea was not built this pass."
GAME_IDEAS,game_idea,Trade Chain,NFL,PLAYER→TRADED_TO + transaction_date,Sorting / timeline,,EARLY,BLOCKED_MISSING_DATA,n/a,,NO,NO,PENDING_CLAUDE,NFL transaction/injury/depth-chart data at the breadth this idea needs isn't in this workbook -- its own README says NFL coverage today is alumni-bridge + occasional deltas only.
GAME_IDEAS,game_idea,Who Did He Just Join?,NFL,PLAYER + DATE → TEAM,Multiple choice / elimination,,SUPPORTED_FOR_BATCH,BLOCKED_MISSING_DATA,n/a,,NO,NO,PENDING_CLAUDE,NFL transaction/injury/depth-chart data at the breadth this idea needs isn't in this workbook -- its own README says NFL coverage today is alumni-bridge + occasional deltas only.
GAME_IDEAS,game_idea,Roster Identity: Alabama 2026,CFB,PLAYER↔POSITION/HOMETOWN/HIGH_SCHOOL/JERSEY/PREVIOUS_COLLEGE,Progressive clue,,SUPPORTED_FOR_SAMPLE,DATA_ADDED,n/a,,NO,NO,PENDING_CLAUDE,"This idea's named team (Alabama) is one of the 8 real 2026 rosters this pass ingested (tools/data_refresh/cfb_2026_roster_workbook_import.py) -- real feasibility improvement (fresh 2026 season data now exists), but no bespoke adapter was built for this specific idea beyond the general Silhouette-Reveal-style capability."
GAME_IDEAS,game_idea,Recruiting Resume,CFB,PLAYER↔RECRUITING_RANK/HIGH_SCHOOL/OFFERS,Progressive clue,,SUPPORTED_FOR_SAMPLE,DATA_ADDED,n/a,,NO,NO,PENDING_CLAUDE,"This idea's named team (Alabama) is one of the 8 real 2026 rosters this pass ingested (tools/data_refresh/cfb_2026_roster_workbook_import.py) -- real feasibility improvement (fresh 2026 season data now exists), but no bespoke adapter was built for this specific idea beyond the general Silhouette-Reveal-style capability."
GAME_IDEAS,game_idea,Coach Contract Clock,CFB/NFL,COACH + TEAM → CONTRACT_END_DATE,Higher/lower,,EARLY,BLOCKED_MISSING_DATA,n/a,,NO,NO,PENDING_CLAUDE,No team/data-family in this idea matches this pass's real 8-team roster ingestion; not built or data-supported this pass.
GAME_IDEAS,game_idea,Depth Chart Dominoes,CFB,PLAYER + SEASON + ROLE → TEAM,Matching,,EARLY,BLOCKED_MISSING_DATA,n/a,,NO,NO,PENDING_CLAUDE,No team/data-family in this idea matches this pass's real 8-team roster ingestion; not built or data-supported this pass.
GAME_IDEAS,game_idea,Roster Fingerprint,CFB,PLAYER↔JERSEY/CLASS/HOMETOWN/HIGH_SCHOOL/HEIGHT/WEIGHT/POSITION,Progressive clue,,SUPPORTED_FOR_ALABAMA,DATA_ADDED,n/a,,NO,NO,PENDING_CLAUDE,"This idea's named team (Alabama) is one of the 8 real 2026 rosters this pass ingested (tools/data_refresh/cfb_2026_roster_workbook_import.py) -- real feasibility improvement (fresh 2026 season data now exists), but no bespoke adapter was built for this specific idea beyond the general Silhouette-Reveal-style capability."
GAME_IDEAS,game_idea,Transfer Trail,CFB,PLAYER↔PREVIOUS_COLLEGE ordered history,Sorting / timeline,,PARTIAL,BLOCKED_MISSING_DATA,n/a,,NO,NO,PENDING_CLAUDE,No team/data-family in this idea matches this pass's real 8-team roster ingestion; not built or data-supported this pass.
GAME_IDEAS,game_idea,"Same Number, Different Side",CFB,TEAM+SEASON+JERSEY→MULTIPLE_PLAYERS + POSITION,Matching,,SUPPORTED_FOR_ALABAMA,BLOCKED_MISSING_DATA,n/a,,NO,NO,PENDING_CLAUDE,No team/data-family in this idea matches this pass's real 8-team roster ingestion; not built or data-supported this pass.
GAME_IDEAS,game_idea,Who Just Got Cut?,NFL,TEAM+DATE→WAIVED/TERMINATED_PLAYER,Current-events elimination,,SUPPORTED_FOR_BATCH,BLOCKED_MISSING_DATA,n/a,,NO,NO,PENDING_CLAUDE,NFL transaction/injury/depth-chart data at the breadth this idea needs isn't in this workbook -- its own README says NFL coverage today is alumni-bridge + occasional deltas only.
GAME_IDEAS,game_idea,Transaction Chain,NFL,PLAYER↔TRANSACTION_TYPE+DATE+TEAM,Sorting,,EARLY,BLOCKED_MISSING_DATA,n/a,,NO,NO,PENDING_CLAUDE,NFL transaction/injury/depth-chart data at the breadth this idea needs isn't in this workbook -- its own README says NFL coverage today is alumni-bridge + occasional deltas only.
GAME_IDEAS,game_idea,Injury Impact,NFL/CFB,PLAYER→INJURY_STATUS/AVAILABILITY,Higher/Lower survival,,EARLY,BLOCKED_MISSING_DATA,n/a,,NO,NO,PENDING_CLAUDE,NFL transaction/injury/depth-chart data at the breadth this idea needs isn't in this workbook -- its own README says NFL coverage today is alumni-bridge + occasional deltas only.
GAME_IDEAS,game_idea,Coach the Room,CFB,COACH+SEASON→ROLE/POSITION_GROUP,Matching,,SUPPORTED_FOR_ALABAMA,DATA_ADDED,n/a,,NO,NO,PENDING_CLAUDE,"This idea's named team (Alabama) is one of the 8 real 2026 rosters this pass ingested (tools/data_refresh/cfb_2026_roster_workbook_import.py) -- real feasibility improvement (fresh 2026 season data now exists), but no bespoke adapter was built for this specific idea beyond the general Silhouette-Reveal-style capability."
GAME_IDEAS,game_idea,Coordinator Direction,CFB,TEAM+SEASON→OC/DC,Direct guess,,SUPPORTED_FOR_ALABAMA,DATA_ADDED,n/a,,NO,NO,PENDING_CLAUDE,"This idea's named team (Alabama) is one of the 8 real 2026 rosters this pass ingested (tools/data_refresh/cfb_2026_roster_workbook_import.py) -- real feasibility improvement (fresh 2026 season data now exists), but no bespoke adapter was built for this specific idea beyond the general Silhouette-Reveal-style capability."
GAME_IDEAS,game_idea,QB1 Newswire,NFL/CFB,TEAM+WEEK/SEASON→STARTING_QB,Current-events multiple choice,,SUPPORTED_FOR_BROWNS_SAMPLE,BLOCKED_MISSING_DATA,n/a,,NO,NO,PENDING_CLAUDE,NFL transaction/injury/depth-chart data at the breadth this idea needs isn't in this workbook -- its own README says NFL coverage today is alumni-bridge + occasional deltas only.
GAME_IDEAS,game_idea,From High School to Saturday,CFB,PLAYER↔HOMETOWN/HIGH_SCHOOL/POSITION/JERSEY,Progressive clue,,SUPPORTED_FOR_ALABAMA,BLOCKED_MISSING_DATA,n/a,,NO,NO,PENDING_CLAUDE,No team/data-family in this idea matches this pass's real 8-team roster ingestion; not built or data-supported this pass.
GAME_IDEAS,game_idea,Portal Geography,CFB,PREVIOUS_COLLEGE→CURRENT_PLAYER+TEAM,Map/association trivia,,SUPPORTED_FOR_ALABAMA,DATA_ADDED,n/a,,NO,NO,PENDING_CLAUDE,"This idea's named team (Alabama) is one of the 8 real 2026 rosters this pass ingested (tools/data_refresh/cfb_2026_roster_workbook_import.py) -- real feasibility improvement (fresh 2026 season data now exists), but no bespoke adapter was built for this specific idea beyond the general Silhouette-Reveal-style capability."
GAME_IDEAS,game_idea,Roster Weight Class,CFB,PLAYER+SEASON→WEIGHT,Higher/lower,,SUPPORTED_FOR_ALABAMA,BLOCKED_MISSING_DATA,n/a,,NO,NO,PENDING_CLAUDE,No team/data-family in this idea matches this pass's real 8-team roster ingestion; not built or data-supported this pass.
GAME_IDEAS,game_idea,Power 4 Media Day Match,,MEDIA_DAY_ATTENDEE_FOR,Matching,,STRONG,BLOCKED_MISSING_DATA,n/a,,NO,NO,PENDING_CLAUDE,No team/data-family in this idea matches this pass's real 8-team roster ingestion; not built or data-supported this pass.
GAME_IDEAS,game_idea,Coach the Conference,,HEAD_COACH_FOR + CONFERENCE_MEMBER_OF,Matching,,STRONG in 3 conferences,BLOCKED_MISSING_DATA,n/a,,NO,NO,PENDING_CLAUDE,No team/data-family in this idea matches this pass's real 8-team roster ingestion; not built or data-supported this pass.
GAME_IDEAS,game_idea,Conference or Not?,,CONFERENCE_MEMBER_OF,Elimination,,PRODUCTION-READY DATA,BLOCKED_MISSING_DATA,n/a,,NO,NO,PENDING_CLAUDE,No team/data-family in this idea matches this pass's real 8-team roster ingestion; not built or data-supported this pass.
GAME_IDEAS,game_idea,Power 4 Grid,,CONFERENCE_MEMBER_OF + MEDIA_DAY_ATTENDEE_FOR,Position grid,,STRONG,MAPPED_TO_EXISTING,Immaculate Grid (renderGridBoard/renderCfbGridBoard),,NO,NO,PENDING_CLAUDE,Grid-style team/position intersection capability already live; this named variant is not a distinct new game.
GAME_IDEAS,game_idea,Media Day QB Hunt,,MEDIA_DAY_ATTENDEE_FOR(value=QB),Elimination,,STRONG,BLOCKED_MISSING_DATA,n/a,,NO,NO,PENDING_CLAUDE,No team/data-family in this idea matches this pass's real 8-team roster ingestion; not built or data-supported this pass.
GAME_IDEAS,game_idea,ACC Preseason XI,,NAMED_TO_PRESEASON_ALL_CONFERENCE_TEAM,Matching,,STRONG,BLOCKED_MISSING_DATA,n/a,,NO,NO,PENDING_CLAUDE,No team/data-family in this idea matches this pass's real 8-team roster ingestion; not built or data-supported this pass.
GAME_IDEAS,game_idea,Roster Coverage Boss,,POWER4_COVERAGE statuses,Meta/admin game,,STRONG,NOT_A_GAME,Admin tooling,,NO,NO,PENDING_CLAUDE,"Internal coverage-tracking tooling, not a player-facing game."
GAME_IDEAS,game_idea,Who Still Needs Data?,,POWER4_COVERAGE,Creator QA,,STRONG,NOT_A_GAME,Admin tooling,,NO,NO,PENDING_CLAUDE,"Internal coverage-tracking tooling, not a player-facing game."
GAME_IDEAS,game_idea,Media Day Trio,,3x MEDIA_DAY_ATTENDEE_FOR,Progressive clue,,STRONG,BLOCKED_MISSING_DATA,n/a,,NO,NO,PENDING_CLAUDE,No team/data-family in this idea matches this pass's real 8-team roster ingestion; not built or data-supported this pass.
GAME_IDEAS,game_idea,Conference Headcount,,CONFERENCE_MEMBER_OF,Higher/Lower,,STRONG,BLOCKED_MISSING_DATA,n/a,,NO,NO,PENDING_CLAUDE,No team/data-family in this idea matches this pass's real 8-team roster ingestion; not built or data-supported this pass.
GAME_IDEAS,game_idea,Current Record Snapshot,,CURRENT_OVERALL_RECORD,Higher/Lower,,SAMPLE-READY,BLOCKED_MISSING_DATA,n/a,,NO,NO,PENDING_CLAUDE,No team/data-family in this idea matches this pass's real 8-team roster ingestion; not built or data-supported this pass.
GAME_IDEAS,game_idea,Cross-Conference Star,,MEDIA_DAY_ATTENDEE_FOR + PRESEASON_ALL_CONFERENCE,Who Am I,,SAMPLE-READY,BLOCKED_MISSING_DATA,n/a,,NO,NO,PENDING_CLAUDE,No team/data-family in this idea matches this pass's real 8-team roster ingestion; not built or data-supported this pass.
GAME_IDEAS,game_idea,P4 NFL Alumni Ladder,NFL/CFB,NFL_ACTIVE_ROSTER_ALUMNI_COUNT,Higher/Lower,,STRONG,BLOCKED_MISSING_DATA,n/a,,NO,NO,PENDING_CLAUDE,"Needs national CFB-to-NFL alumni counts; workbook's real coverage here is a single-conference/team sample (e.g. 18 Arkansas alumni rows), not the national breadth this idea needs."
GAME_IDEAS,game_idea,NFL Alumni Rank Order,NFL/CFB,P4_NFL_ALUMNI_DENSE_RANK,Sorting,,STRONG,BLOCKED_MISSING_DATA,n/a,,NO,NO,PENDING_CLAUDE,"Needs national CFB-to-NFL alumni counts; workbook's real coverage here is a single-conference/team sample (e.g. 18 Arkansas alumni rows), not the national breadth this idea needs."
GAME_IDEAS,game_idea,Yellow Jacket Jersey Grid,CFB,ROSTERED_BY + PLAYS_POSITION + WEARS_JERSEY_NUMBER,Grid,,STRONG,MAPPED_TO_EXISTING,Immaculate Grid (renderGridBoard/renderCfbGridBoard),,NO,NO,PENDING_CLAUDE,Grid-style team/position intersection capability already live; this named variant is not a distinct new game.
GAME_IDEAS,game_idea,Position Side Sort,CFB,POSITION_SIDE,Sorting,,VERY_STRONG,BLOCKED_MISSING_DATA,n/a,,NO,NO,PENDING_CLAUDE,No team/data-family in this idea matches this pass's real 8-team roster ingestion; not built or data-supported this pass.
GAME_IDEAS,game_idea,Transfer Conference Jump,CFB,PREVIOUS_COLLEGE + CURRENT_CONFERENCE + CROSS_CONFERENCE_TRANSFER,Matching,,IMPROVED,BLOCKED_MISSING_DATA,n/a,,NO,NO,PENDING_CLAUDE,No team/data-family in this idea matches this pass's real 8-team roster ingestion; not built or data-supported this pass.
GAME_IDEAS,game_idea,Week 1 Margin Madness,CFB,POINT_DIFFERENTIAL + GAME_RESULT,Higher/Lower,,STRONG,BLOCKED_MISSING_DATA,n/a,,NO,NO,PENDING_CLAUDE,"Needs 2026 season results/rankings at real breadth; workbook's real Week 1 coverage is 38 of 67 Power 4 teams, not a full national set, and this specific idea was not built this pass."
GAME_IDEAS,game_idea,Week 1 Stat Duel,CFB,PLAYER_GAME stat relationships,Higher/Lower,,SAMPLE_READY,BLOCKED_MISSING_DATA,n/a,,NO,NO,PENDING_CLAUDE,"Needs 2026 season results/rankings at real breadth; workbook's real Week 1 coverage is 38 of 67 Power 4 teams, not a full national set, and this specific idea was not built this pass."
GAME_IDEAS,game_idea,Captain or Co-Captain?,CFB,TEAM_CAPTAIN_FOR + TEAM_CO_CAPTAIN_FOR,Two-choice,,READY,BLOCKED_MISSING_DATA,n/a,,NO,NO,PENDING_CLAUDE,No team/data-family in this idea matches this pass's real 8-team roster ingestion; not built or data-supported this pass.
GAME_IDEAS,game_idea,QB Depth Wire,NFL,DEPTH_CHART_ROLE_FOR,Matching,,SAMPLE_READY,BLOCKED_MISSING_DATA,n/a,,NO,NO,PENDING_CLAUDE,NFL transaction/injury/depth-chart data at the breadth this idea needs isn't in this workbook -- its own README says NFL coverage today is alumni-bridge + occasional deltas only.
GAME_IDEAS,game_idea,Roster Measurements,CFB,HEIGHT_INCHES + WEIGHT_LB,Higher/Lower,,VERY_STRONG,BLOCKED_MISSING_DATA,n/a,,NO,NO,PENDING_CLAUDE,No team/data-family in this idea matches this pass's real 8-team roster ingestion; not built or data-supported this pass.
MASTER_RELATIONSHIPS,knowledge_relationship_family,"Roster/bio (ROSTERED_BY, PLAYS_POSITION, WEARS_JERSEY_NUMBER, ACADEMIC_YEAR, HEIGHT*, WEIGHT_LB, POSITION_*, CLASS_YEAR_*)",CFB (mostly CFB-P4/CFB-FBS; small NFL alumni-bridge slice),8133 real rows,,,NEW (2026 season) / EXISTING_ENHANCED (player identity),NEW,"cfb_roster_seasons_real, canonical_cfb_players",733,YES,NO,READS_MASTER_KNOWLEDGE_FEED_2026_09,"Ingested this pass (tools/data_refresh/cfb_2026_roster_workbook_import.py) -- 535 rows resolved to existing player identities (season is genuinely new; the automated feed has never had a 2026 season), 198 rows are genuinely new players, 25 real name collisions logged as qa_issues and excluded rather than guessed. The other 7,400 rows in this family are the SAME 733 players' derived/bucketed fields (HEIGHT_3IN_BUCKET, WEIGHT_25LB_BUCKET, etc.) already folded into the single row each player got, not 758 separate additional facts."
MASTER_RELATIONSHIPS,knowledge_relationship_family,"Team/season/conference membership (TEAM_SEASON_MEMBERSHIP, POWER4_ROSTER_MEMBER, CURRENT_CONFERENCE, CONFERENCE_MEMBER_OF, IN_STATE_ROSTER_MEMBER)",CFB (mostly CFB-P4/CFB-FBS; small NFL alumni-bridge slice),2542 real rows,,,"EXISTING_IDENTICAL (derived from the roster family above, not independently ingested)",EXISTING_IDENTICAL,n/a,0,NO,NO,PENDING_CLAUDE,These are MASTER_NORMALIZATION-derived restatements of the roster family (same 646-player subset) -- team/school assignment is already carried by cfb_roster_seasons_real.school_id once a roster row exists; not separately ingested as their own fact type.
MASTER_RELATIONSHIPS,knowledge_relationship_family,"Geography (FROM_HOMETOWN, HOME_STATE, HOME_REGION, ATTENDED_HIGH_SCHOOL)",CFB (mostly CFB-P4/CFB-FBS; small NFL alumni-bridge slice),1899 real rows,,,NEW (2026-season hometown/high-school) for new players / EXISTING_ENHANCED for resolved players,NEW,canonical_cfb_players,(included in the 733 above),YES,NO,READS_MASTER_KNOWLEDGE_FEED_2026_09,"Hometown/state carried into canonical_cfb_players for the 198 genuinely new players; high school itself was NOT ingested this pass (canonical_cfb_players has no high_school column) -- a real, disclosed follow-up, not fabricated."
MASTER_RELATIONSHIPS,knowledge_relationship_family,"Transfer history (PREVIOUS_COLLEGE, PREVIOUS_COLLEGE_COUNT, KNOWN_TRANSFER, LISTED_PRIOR_SCHOOL, ROSTER_CUT_BY)",CFB (mostly CFB-P4/CFB-FBS; small NFL alumni-bridge slice),597 real rows,,,UNSUPPORTED this pass,UNSUPPORTED,n/a,0,NO,NO,PENDING_CLAUDE,"Real data, not ingested -- no Engine column exists for an ordered prior-school history at the season-row level (cfb_transfer_summary_v17 is derived from roster continuity across seasons, not a free-text school-history field); a real follow-up, not attempted this pass to avoid inventing a schema extension."
MASTER_RELATIONSHIPS,knowledge_relationship_family,Staff/coaching (STAFF_ROLE_FOR),CFB (mostly CFB-P4/CFB-FBS; small NFL alumni-bridge slice),242 real rows,,,UNSUPPORTED this pass,UNSUPPORTED,n/a,0,NO,NO,PENDING_CLAUDE,"Real, Tier-1-sourced coaching-staff rows for 2026 -- not ingested this pass (would need a real season-scoped write path into cfb_coaches/cfb_coordinators, not attempted to keep this pass's scope to the roster family)."
MASTER_RELATIONSHIPS,knowledge_relationship_family,Media day (MEDIA_DAY_ATTENDEE_FOR),CFB (mostly CFB-P4/CFB-FBS; small NFL alumni-bridge slice),236 real rows,,,UNSUPPORTED this pass,UNSUPPORTED,n/a,0,NO,NO,PENDING_CLAUDE,"Real data (which player attended media day representing which team) -- not ingested this pass; also confirmed the 'Media Day Quote Match' game idea's own premise is overstated (see game-idea reconciliation below): the real value_stat is only a position code, never quote text."
MASTER_RELATIONSHIPS,knowledge_relationship_family,"All other relationship types (long tail, 126 distinct types not itemized above)",CFB (mostly CFB-P4/CFB-FBS; small NFL alumni-bridge slice),1571 real rows,,,UNSUPPORTED this pass,UNSUPPORTED,n/a,0,NO,NO,PENDING_CLAUDE,"Long tail of lower-count relationship types (recruiting, depth-chart role, results/records/rankings, etc.) -- not individually ingested this pass; each would need its own real entity-resolution and schema-fit review rather than a blanket import."
